id_fundo,fundo,cnpj,ticker,data_informacao,total_cotistas,patrimonio_liquido,data_pregao,preco_fechamento,volume_negociado
1,FUNDO DE INVESTIMENTO IMOBILIÁRIO EUROPAR,05437916000127,EURO11,2023-03-01,2489.0,124809622.16,2023-04-27,223.78,296.0
2,FUNDO DE INVESTIMENTO IMOBILIÁRIO PROJETO ÁGUA BRANCA,03251720000118,FPAB11,2023-03-01,990.0,282799560.43,2023-04-27,133.0,132.0
3,FUNDO DE INVESTIMENTO IMOBILIÁRIO MEMORIAL OFFICE,01633741000172,FMOF11,2023-03-01,284.0,60294445.05,2023-04-27,50.99,240.0
4,FUNDO DE INVESTIMENTO IMOBILIÁRIO INDUSTRIAL DO BRASIL,14217108000145,FIIB11,2023-03-01,16934.0,315573944.93,2023-04-27,461.0,350.0
5,FUNDO DE INVESTIMENTO IMOBILIARIO POLO SHOPPING INDAIATUBA,14721889000100,VPSI11,2023-03-01,53.0,172976925.51,,,
6,NCH EQI HY FII,18085673000157,NCHB11B,2023-03-31,12213.0,151994750.79,,,
8,FUNDO DE INVESTIMENTO IMOBILIÁRIO SÃO FERNANDO,09350920000104,SFND11,2023-03-01,54.0,8955416.93,,,
9,FUNDO DE INV. IMOBILIÁRIO RIO BRAVO RENDA CORPORATIVA,03683056000186,FFCI11,2023-03-01,29967.0,769574623.05,2023-04-19,182.03,0.0
11,TORRE NORTE FII,04722883000102,TRNT11B,2023-03-31,715.0,774177002.78,,,
13,CAMPUS FARIA LIM FII,11602654000101,FCFL11B,2023-03-31,3712.0,403657389.13,,,
14,FII TB OFFICE,17365105000147,TBOF11,2022-05-31,9180.0,2097587.74,2023-04-19,101.5,0.0
17,CENESP FII,13551286000145,CNES11B,2023-03-31,1804.0,263316910.93,,,
18,GALERIA FII,15333306000137,EDGA11,2023-03-31,5796.0,233527084.43,2023-04-27,18.77,3122.0
19,FII VBL FL 4440,13022993000144,FVBI11,2020-10-30,4030.0,75892500.0,2023-04-27,94.97,0.0
20,TORRE ALMIRANTE FII,07122725000100,ALMI11B,2023-03-31,2490.0,224901265.1,,,
21,ALMIRANTE BARROS FII,05562312000102,FAMB11B,2023-03-31,2715.0,311955201.16,2023-04-27,760.0,8.0
22,HOTEL MAXINVEST FII,08706065000169,HTMX11B,2023-03-31,25350.0,209131335.32,,,
23,FUNDO DE INVESTIMENTO GRAND PLAZA SHOPPING,01201140000190,ABCP11,2023-03-01,18769.0,431824676.47,2023-04-27,68.2,1931.0
26,FII CENTRO TEXTIL INTERNACIONAL,00762723000128,CTXT11,2023-03-01,3093.0,107074352.63,2023-04-27,10.74,145.0
27,FUNDO BRASÍLIO MACHADO DE INVESTIMENTO IMOBILIÁRIO,02027437000144,BMII11,2023-03-01,12.0,67877858.75,,,
28,FUNDO DE INVESTIMENTO IMOBILIÁRIO RIO NEGRO,15006286000190,RNGO11,2023-03-01,11649.0,231563271.73,2023-04-27,50.01,1521.0
29,FUNDO DE INVESTIMENTO IMOBILIÁRIO RIO BRAVO RENDA VAREJO,15576907000170,AGCX11,2023-03-01,45897.0,1252220789.13,,,
30,SDI RIO BRAVO RENDA LOGISTICA - FII,16671412000193,SDIL11,2023-03-01,64841.0,619902894.1,2023-04-27,93.99,9150.0
31,FUNDO DE INVESTIMENTO IMOBILIÁRIO RB RENDA EDUCACIONAL,13873457000152,AEFI11,2023-03-01,12744.0,339694947.2,,,
32,SANTANDER AGÊNCIAS FUNDO DE INVESTIMENTOS IMOBILIÁRIO - FII,16915840000114,SAAG11,2020-03-01,16251.0,627916463.29,2023-04-27,106.61,0.0
33,KINEA RENDA IMOBILIÁRIA FII,12005956000165,KNRI11,2023-03-01,246641.0,3864297066.26,2023-04-27,144.9,26645.0
34,KINEA RENDIMENTOS IMOBILIÁRIOS FII,16706958000132,KNCR11,2023-03-01,217585.0,5756022790.32,2023-04-27,96.63,87544.0
35,KINEA INDICES DE PREÇOS FII,24960430000113,KNIP11,2023-03-01,68200.0,7663395544.18,2023-04-27,91.17,42972.0
36,KINEA II REAL ESTATE EQUITY FUNDO DE INVESTIMENTO IMOB,14423780000197,KNRE11,2023-03-01,5923.0,13910742.85,2023-04-27,0.65,3227.0
37,HNS LOURDES FII,08014513000163,NSLU11B,2023-03-31,6572.0,257596725.95,,,
38,RIO BRAVO CRÉDITO IMOBILIÁRIO I FII,12659641000131,RBCB11,2020-02-01,460.0,40071.39,2023-04-19,19.0,0.0
39,RIO BRAVO CREDITO IMOBILIARIO II FI IMOBILIARIO,15769670000144,RBVO11,2023-03-01,2704.0,8960979.35,2023-04-27,7.9,300.0
40,SHOPPING WEST PLAZA FUNDO DE INVESTIMENTO IMOBILIARIO,09326861000139,WPLZ11B,2023-03-01,1806.0,89478595.79,,,
41,HOSPITAL CRIANCA FII,04066582000160,HCRI11B,2023-03-31,3100.0,61624707.7,,,
42,SPDP FII,07224019000160,SHDP11B,2023-03-31,3.0,1893003910.22,2023-04-27,1210.05,0.0
43,FII EDIFÍCIO CASTELO,10993386000133,FCAS11,2018-12-31,2.0,80684223.04,,,
44,BTGP LOGISTICA FII,11839593000109,TRXL11,2023-03-31,212356.0,2075125184.6,2023-04-27,103.38,0.0
45,FUNDO DE INVESTIMENTO IMOBILIÁRIO - FII ELDORADO,13022994000199,ELDO11B,2023-03-01,60.0,1132515952.75,2023-04-14,1104.31,0.0
46,FUNDO DE INVESTIMENTO IMOBILIÁRIO GWI RENDA IMOBILIÁRIA,14733211000148,GWIR11,2021-02-01,209.0,91223530.5,,,
47,LATERES FUNDO DE INVESTIMENTO IMOBILIÁRIO - FII,17209378000100,LATR11B,2023-03-01,132.0,1244713.0,2023-04-27,9.51,0.0
48,FUNDO DE INVESTIMENTO IMOBILIÁRIO VIA PARQUE SHOPPING,00332266000131,FVPQ11,2023-03-01,3962.0,537674165.97,2023-04-27,99.74,207.0
49,HEDGE FLORIPA SHOPPING FII,10375382000191,FLRP11B,2023-03-01,793.0,119371176.22,,,
50,FUNDO DE INVESTIMENTO IMOBILIÁRIO MISTRAL,01497954000114,MIST11,2023-03-01,6.0,145264793.88,,,
51,PDPSC FII,10869155000112,PQDP11,2023-03-31,3967.0,766649103.56,2023-04-27,1708.16,42.0
52,RB GEN SHOPPING SULACAP FUNDO DE INVESTIMENTO IMOB. – FII,13652006000195,RBGS11,2021-11-01,2808.0,97865283.71,2023-04-19,28.45,0.0
53,FUNDO DE INVESTIMENTO IMOBILIÁRIO CAIXA CEDAE,10991914000115,CXCE11B,2023-03-01,3974.0,111628383.84,2023-04-27,40.06,1336.0
54,GENERAL SHOPPING ATIVO E RENDA FUNDO DE INVEST IMOB,17590518000125,FIGS11,2023-03-01,15291.0,217510611.45,2023-04-27,48.58,4097.0
55,BRADESCO CARTEIRA IMOBILIARIA ATIVA FII,20216935000117,BCIA11,2023-03-31,14171.0,357768939.49,2023-04-27,85.04,1651.0
56,BANRISUL NOVAS FRONTEIRAS FII,15570431000160,BNFS11,2023-03-01,4053.0,64110281.93,2023-04-27,117.49,472.0
57,RB CAPITAL RENDA I FUNDO DE INVESTIMENTO IMOBILIÁRIO - FII,08696175000197,FIIP11B,2023-03-01,7941.0,172954872.36,2023-04-27,145.79,536.0
58,FII EDIFÍCIO OURINVEST,06175262000173,EDFO11B,2023-03-01,540.0,42629263.83,2023-04-27,197.0,8.0
59,BANESTES RECEBIVEIS IMOBILIARIOS FII,22219335000138,BCRI11,2023-03-01,46816.0,617910034.79,2023-04-27,69.69,13295.0
60,RIO BRAVO FUNDO - FII,17329029000114,FIXX11,2023-03-01,19702.0,229918432.37,,,
61,FATOR VERITA FII,11664201000100,VRTA11,2023-03-01,120325.0,1438101963.07,2023-04-27,83.0,35817.0
62,BB RECEBIVEIS IMOBILIARIOS FUNDO DE INVESTIMENTO IMOB FII,20716161000193,BBIM11,2023-03-01,20.0,31715438.46,,,
63,NEWPORT RENDA URBANA FII,14793782000178,NEWU11,2023-03-01,1584.0,51068854.58,2023-04-27,70.89,22.0
64,SPA FUNDO DE INVESTIMENTO IMOBILIÁRIO,18311024000127,SPAF11,2023-03-01,1.0,11352674.76,,,
65,FUNDO DE INVESTIMENTO IMOBILIARIO - FII NOVO HORIZONTE,17025970000144,NVHO11,2023-03-01,2220.0,579646874.18,2023-04-27,12.54,253.0
66,CASTELLO BRANCO OFFICE PARK FUNDO DE INVEST IMOBILIÁRIO FII,17144039000185,CBOP11,2023-03-01,3538.0,104576322.61,2023-04-27,35.8,175.0
67,HEDGE ATRIUM SHOPPING SANTO ANDRÉ FUNDO DE INVEST IMOB,12809972000100,ATSA11B,2023-03-01,280.0,142848791.89,,,
68,VILA OLIMPIA FUNDO DE INVESTIMENTO IMOBILIARIO - FII,15296696000112,VLOL11,2023-03-01,3144.0,187599532.5,2023-04-27,97.05,0.0
69,HEDGE BRASIL SHOPPING FUNDO DE INVESTIMENTO IMOBILIÁRIO,08431747000106,HGBS11,2023-03-01,90096.0,2189632992.76,2023-04-27,197.05,6186.0
70,BB PROGRESSIVO II FUNDO DE INVESTIMENTO IMOBILIÁRIO – FII,14410722000129,BBPO11,2023-03-31,74353.0,1604635898.33,2023-04-27,86.54,13644.0
71,CIDADE JARDIM CONTINENTAL TOWER FII,10347985000180,CJCT11,2023-03-01,1189.0,205750284.32,2023-04-27,61.01,3.0
72,CSHG GR LOUVEIRA - FUNDO DE INVESTIMENTO IMOBILIÁRIO - FII,17143998000186,GRLV11,2020-11-01,2604.0,6407890.29,2023-04-27,145.5,0.0
73,FUNDO DE INVESTIMENTO IMOBILIÁRIO VEREDA,08693497000182,VERE11,2023-03-31,54.0,205583304.88,2023-04-27,257.0,0.0
74,CSHG PRIME OFFICES FUNDO DE INVEST IMOBILIÁRIO FII,11260134000168,HGJH11,2023-03-01,10046.0,524636581.29,,,
75,RB CAPITAL DESENVOLVIMENTO RESIDENCIAL II FII - FII,11945604000127,RBDS11,2023-03-31,937.0,2506063.53,2023-04-27,2.45,110.0
76,CSHG LOGISTICA - FUNDO DE INVESTIMENTO IMOBILIÁRIO - FII,11728688000147,HGLG11,2023-03-01,340959.0,3577143616.9,2023-04-27,162.46,32538.0
77,FUNDO RB CAPITAL RENDA II FUNDO DE INVESTIMENTO IMOBILIÁRIO,09006914000134,RBRD11,2023-03-31,9497.0,122197478.5,2023-04-27,33.5,1238.0
78,CAPITANIA SEC II FII,18979895000113,CPTS11B,2023-03-31,214019.0,2809831615.79,2023-04-27,103.99,0.0
79,CSHG REAL ESTATE - FUNDO DE INVESTIMENTO IMOBILIÁRIO - FII,09072017000129,HGRE11,2023-03-01,138834.0,1853864603.15,2023-04-27,127.0,39063.0
80,BB RENDA DE PAPÉIS IMOBILIÁRIOS FUNDO DE INVESTIMENTO IMOBIL,15394563000189,RNDP11,2023-03-31,1136.0,21276374.36,2023-04-27,110.0,1476.0
81,CSHG RECEBIVEIS IMOBILIÁRIOS FUNDO DE INVEST IMOBILIÁRIO FII,11160521000122,HGCR11,2023-03-01,88885.0,1568178886.78,2023-04-27,102.68,39819.0
82,BB RENDA CORPORATIVA FUNDO DE INVESTIMENTO IMOBILIÁRIO – FII,12681340000104,BBRC11,2023-03-31,9286.0,171731700.66,2023-04-27,93.22,1083.0
83,POLO FII RECEBÍVEIS IMOBILIÁRIOS I,14080689000116,PLRI11,2023-03-01,775.0,30019685.9,2023-04-27,22.07,240.0
84,CSHG TOP FOFII 2 FUNDO DE INVESTIMENTO IMOBILIARIO – FII,16875388000104,FOFT11,2019-12-01,3846.0,131819480.59,2023-04-27,122.9,0.0
85,XP CORPORATE MACAÉ FUNDO DE INVESTIMENTO IMOBILIÁRIO,16802320000103,XPCM11,2023-03-01,26823.0,104359429.79,2023-04-27,13.41,7906.0
86,FUNDO DE INVESTIMENTO IMOBILIÁRIO BRASIL VAREJO,21126204000143,BVAR11,2023-03-01,69.0,679254378.75,2023-04-27,100.01,0.0
87,CSHG TOP FOFII FUNDO DE INVESTIMENTO IMOBILIARIO – FII,20834884000197,TFOF11,2020-06-01,3278.0,103080374.68,2023-04-19,138.0,0.0
88,JS REAL ESTATE MULTIGESTÃO FUNDO DE INVESTIMENTO IMOBILIÁRIO,13371132000171,JSRE11,2023-03-01,89641.0,2340463888.92,2023-04-27,67.83,35182.0
89,FII BRASIL PLURAL ABSOLUTO FUNDOS DE FUNDOS,17324357000128,BPFF11,2023-03-01,19249.0,317536370.2,2023-04-27,62.52,9065.0
90,SINGULARE FUNDO DE INVESTIMENTO IMOBILIÁRIO - FII,16841067000199,REIT11,2023-03-31,67.0,7686063.66,2023-04-27,178.0,0.0
91,SP DOWNTOWN FUNDO DE INVESTIMENTO IMOBILIÁRIO - FII,15538445000105,SPTW11,2023-03-01,31286.0,100482891.3,2023-04-27,38.51,2123.0
92,CAIXA RIO BRAVO FUNDO DE FUNDOS DE INVESTIMENTO IMOBILIARIO,17098794000170,CXRI11,2023-03-01,2406.0,124147541.53,2023-04-27,62.51,12.0
93,JHSF RIO BRAVO FAZENDA BOA VISTA CAPITAL PROTEGIDO FII,16915868000151,RBBV11,2021-06-01,3475.0,126470249.69,2023-04-27,100.0,0.0
94,FUNDO DE INVESTIMENTO IMOBILIÁRIO - FII SIA CORPORATE,17311079000174,SAIC11,2023-03-01,50.0,79597578.78,2023-04-27,37.88,0.0
95,REAG MULTI ATIVOS IMOBILIÁRIOS - FII,17374696000119,DOMC11,2023-03-01,1185.0,244760897.87,2023-04-27,439.0,0.0
96,FUNDO DE INVESTIMENTO IMOBILIÁRIO THE ONE,12948291000123,ONEF11,2023-03-01,3106.0,183631284.03,2023-04-27,178.45,0.0
97,DRIT11 FII,10456810000100,DRIT11B,2023-03-31,355.0,61280546.3,2023-04-27,87.16,0.0
98,FUNDO DE INVESTIMENTO IMOBILIÁRIO RB OPORTUNIDADES - FII,13500306000159,MBRF11,2023-03-01,3635.0,78411551.49,2023-04-19,679.0,0.0
99,FUNDO DE INV. IMOBILIÁRIO SHOPPING PÁTIO HIGIENÓPOLIS,03507519000159,SHPH11,2023-03-01,2548.0,545547644.23,2023-04-27,620.0,208.0
100,FUNDO DE INV. IMOBILIÁRIO CONTINENTAL SQUARE FARIA LIMA,04141645000103,FLMA11,2023-03-01,16519.0,221802276.65,2023-04-27,122.39,829.0
101,SCP - FUNDO DE INVESTIMENTO IMOBILIÁRIO,01657856000105,SCPF11,2023-03-01,5159.0,49228205.74,2023-04-27,5.0,478.0
102,FUNDO DE INV. IMOBILIÁRIO PEDRA NEGRA RENDA IMOBILIÁRIA,17161979000182,FPNG11,2023-03-01,68.0,174508476.84,2023-04-27,68.68,0.0
103,BM BRASCAN LAJES FII,14376247000111,BMLC11B,2023-03-31,1432.0,113120879.74,2023-04-27,95.72,0.0
104,ANHANGUERA FII,11179118000145,FAED11B,2023-03-31,4770.0,139739297.89,,,
105,MAX RETAIL FII,11274415000170,MAXR11B,2023-03-31,4265.0,139311049.97,,,
106,BC FUND FII,08924783000101,BRCR11,2023-03-31,156531.0,2636539289.5,2023-04-27,55.0,18261.0
107,FUNDO DE INVESTIMENTO IMOBILIÁRIO - FII SHOPPING JARDIM SUL,14879856000193,JRDM11B,2023-03-01,4173.0,223323948.83,,,
108,FUNDO DE FUNDOS FII,11026627000138,BCFF11B,2023-03-31,304974.0,1811005977.9,,,
109,BTG CRÉDITO IMOB FII,09552812000114,FEXC11B,2023-03-31,51056.0,1009495849.51,,,
110,TRANSINC FII,17007443000107,TSNC11,2023-03-31,67.0,95780725.33,2023-04-27,0.01,0.0
111,PRESIDENTE VARGAS FUNDO DE INVESTIMENTO IMOBILIÁRIO,11281322000172,PRSV11,2023-03-01,1008.0,42247192.35,2023-04-27,88.0,39.0
112,MERITO DESENVOLVIMENTO IMOBILIARIO I FII,16915968000188,MFII11,2023-03-01,28286.0,429466203.87,2023-04-27,89.95,3557.0
113,FUNDO DE INVESTIMENTO IMOBILIARIO CAIXA SEQ LOGISTICA RENDA,12887506000143,CXTL11,2023-03-01,636.0,25009895.8,2023-04-27,359.0,63.0
114,BB PROGRESSIVO FII,07000400000146,BBFI11B,2023-03-31,8144.0,282406308.19,2023-04-27,1411.0,124.0
115,FII MAXI RENDA,97521225000125,MXRF11,2023-03-31,808458.0,2276171292.76,2023-04-27,10.47,771598.0
116,XP RECEBÍVEIS FUNDO DE INVESTIMENTO IMOBILIÁRIO - FII,13811400000129,XPGA11,2017-04-01,3987.0,103854077.76,,,
117,FII CYRELA THERA CORPORATE,13966653000171,THRA11,2021-07-01,2084.0,14050683.35,2023-04-19,138.5,0.0
118,2509 FUNDO DE INVESTIMENTO IMOBILIARIO - FII,19419994000103,,2023-03-01,1.0,2782095914.07,,,
119,WM RB CAPITAL FUNDO DE INVESTIMENTO IMOBILIÁRIO - FII,12834763000117,WMRB11B,2017-04-01,224.0,28308328.49,,,
120,GGR COVEPI RENDA FUNDO DE INVESTIMENTO IMOBILIÁRIO,26614291000100,GGRC11,2023-03-31,102262.0,1018537085.56,2023-04-27,110.59,12382.0
121,VECTOR QUELUZ LAJES CORPORATIVAS FUNDO DE INVESTIMENTO IMOB.,13842683000176,VLJS12,2023-03-31,9.0,27051889.02,,,
122,JPP CAPITAL FUNDO DE INVESTIMENTO IMOBILIÁRIO - FII,17216625000198,JPPC11,2023-03-01,89.0,19991902.15,2023-04-27,121.0,15.0
123,POLO CREDITO IMOBILIARIO – FUNDO DE INVESTIMENTO IMOBILIARIO,17156502000109,PORD11,2023-03-01,23711.0,365784229.24,2023-04-27,82.62,7051.0
124,OURINVEST JPP FUNDO DE INVESTIMENTO IMOBILIÁRIO – FII,26091656000150,OUJP11,2023-03-01,28060.0,324678760.0,2023-04-27,92.39,8404.0
125,FUNDO DE INVESTIMENTO IMOBILIÁRIO PHORBIS,10456799000189,,2023-03-01,2.0,917170387.45,,,
126,FII TG ATIVO REAL,25032881000153,TGAR11,2023-03-31,102504.0,1770493547.79,2023-04-27,111.38,34840.0
127,DOVEL FII,10522648000181,DOVL11B,2023-03-01,51.0,79684045.84,2023-04-27,1199.95,0.0
128,FII ANCAR IC,07789135000127,ANCR11,2023-03-01,67.0,1553043909.36,2023-04-27,3450.0,0.0
129,CEO CYRELA FII,15799397000109,CEOC11,2023-03-31,4840.0,142692486.61,2023-04-27,52.9,264.0
130,RBR ALPHA FII,27529279000151,RBRF11,2023-03-31,97519.0,1055982743.68,2023-04-27,67.0,31183.0
131,VINCI SHOPPING CENTERS FUNDO DE INVESTIMENTO IMOBILIÁRIO-FII,17554274000125,VISC11,2023-03-01,240425.0,2303031088.29,2023-04-27,107.1,38795.0
132,FII REC RECEBÍVEIS IMOBILIÁRIOS,28152272000126,UBSR11,2023-03-01,183264.0,2514926804.0,2023-04-27,102.5,0.0
133,FUNDO DE INVESTIMENTO IMOBILIARIO HABITAT I,26846202000142,HBTT11,2020-09-30,242.0,159726645.53,2023-04-27,1055.0,0.0
134,FUNDO DE INVESTIMENTO IMOBILIARIO GENERAL SEVERIANO,17007528000195,GESE11,2023-03-31,56.0,92216577.4,2023-04-19,1520.0,0.0
138,PERSONALE I FUNDO DE INVESTIMENTO IMOBILIÁRIO - FII,14056001000162,PRSN11B,2023-03-01,763.0,15378787.72,2023-04-27,1.51,0.0
139,BRAZILIAN GRAVEYARD AND DEATH CARE SERVICES FUNDO DE INV,13584584000131,CARE12,2023-03-31,11620.0,298691504.18,,,
140,OPPORTUNITY FUNDO DE INVESTIMENTO IMOBILIÁRIO,01235622000161,FTCE11B,2023-03-01,57.0,2787005179.82,2023-04-27,2870.0,0.0
141,MALLS BRASIL PLURAL FUNDO DE INVESTIMENTO IMOBILIÁRIO,26499833000132,MALL11,2023-03-31,112311.0,1097513198.04,2023-04-27,102.6,22224.0
142,ALIANZA TRUST RI FII,28737771000185,ALZR11,2023-03-31,118972.0,732928810.46,2023-04-27,117.43,13085.0
143,XP MALLS FII,28757546000100,XPML11,2023-03-31,308245.0,2101487966.93,2023-04-27,103.73,111941.0
144,IRIDIUM REC IMOB FII,28830325000110,IRDM11,2023-03-31,281160.0,3261837028.68,2023-04-27,77.17,76040.0
145,HEDGE TOP FOFII 3 FUNDO DE INVESTIMENTO IMOBILIÁRIO,18307582000119,HFOF11,2023-03-01,70710.0,1730940288.27,2023-04-27,66.99,37308.0
146,FUNDO DE INVESTIMENTO IMOBILIARIO VOTORANTIM LOGÍSTICA,27368600000163,VTLT11,2023-03-31,6235.0,213498044.14,2023-04-27,92.5,336.0
147,MOGNO FII,29216463000177,MGFF11,2023-03-31,50065.0,609787023.93,2023-04-27,57.14,9847.0
148,FUNDO DE INVEST IMOB - OURINVEST RENDA ESTRUTURADA,28516650000103,OUCY11,2023-03-31,5834.0,97576087.71,2023-04-27,88.5,0.0
149,CSHG RENDA URBANA FUNDO DE INVESTIMENTO IMOBILIARIO FII,29641226000153,HGRU11,2023-03-01,196152.0,2275112647.43,2023-04-27,121.94,27454.0
150,RBR HIGH GRADE FII,29467977000103,RBRR11,2023-03-31,130491.0,1274513907.29,2023-04-27,86.23,22754.0
151,FII XP LOG,26502794000185,XPLG11,2023-03-31,306888.0,3073760013.96,2023-04-27,100.3,39712.0
152,BB RENDA DE PAPÉIS IMOBILIÁRIOS II FUNDO DE INVESTIMENTO,23120027000113,RDPD11,2023-03-31,1831.0,27775234.59,2023-04-27,23.5,22520.0
153,FUNDO DE INVESTIMENTO IMOBILIÁRIO INFRA REAL ESTATE - FII,18369510000104,FINF11,2023-03-31,4.0,34038109.63,,,
154,FII BTGP CRED IMOBIL,29787928000140,BTCR11,2022-10-31,16934.0,458252683.73,2023-04-27,88.0,0.0
155,FUNDO DE INVEST IMOB - OURINVEST RE I,28693595000127,WTSP11B,2023-03-31,201.0,72017767.86,2023-04-27,34.79,2.0
156,KINEA HIGH YIELD CRI FUNDO DE INVESTIMENTO IMOBILIÁRIO FII,30130708000128,KNHY11,2023-03-01,14404.0,1850693423.05,2023-04-27,98.65,22696.0
157,FII - FUNDO DE INVESTIMENTO IMOBILIÁRIO NESTPAR,24814916000143,NPAR11,2022-04-29,772.0,1682250.84,2023-04-27,13.0,0.0
158,FUNDO DE INVESTIMENTO IMOBILIARIO RBR PROPERTIES,21408063000151,RBRP11,2023-03-01,92280.0,945548836.61,2023-04-27,48.39,27297.0
159,VOTORANTIM SECURITIES MASTER FUNDO DE INVESTIMENTO,17870926000130,VOTS11,2023-03-31,598.0,77772057.19,2023-04-27,82.49,13.0
160,XP INDUSTRIAL FII,28516325000140,XPIN11,2023-03-31,44997.0,737669939.24,2023-04-27,71.48,4214.0
161,NOVA I FUNDO DE INVESTIMENTO IMOBILIÁRIO,22003469000117,NVIF11B,2023-03-31,7.0,111177608.8,,,
162,VALORA CRI CDI FII,29852732000191,VGIR11,2023-03-31,157481.0,993872454.27,2023-04-27,9.23,413159.0
163,MAC FUNDO DE INVESTIMENTO IMOBILIÁRIO,30579348000146,DMAC11,2021-11-01,2352.0,778257.9,2023-04-19,13.0,0.0
164,FUNDO DE INVESTIMENTO IMOBILIÁRIO VOTORANTIM SHOPPING,23740595000117,VSHO11,2023-03-31,2783.0,210498623.36,2023-04-27,64.45,2313.0
165,FUNDO DE FUNDOS DE INVESTIMENTO IMOBILIÁRIO KINEA FII,30091444000140,KFOF11,2023-03-01,13320.0,392197524.8,2023-04-27,77.17,13565.0
166,IMMOB I FUNDO DE INVESTIMENTO IMOBILIÁRIO - FII,28893734000166,RNOV11,2023-03-31,2.0,83686000.44,,,
167,BRAZIL REAL ESTATE VICTORY FUND I - FII,26195121000120,BREV11,2023-03-01,249.0,113444241.78,2023-04-27,96.79,2.0
168,FUNDO DE INVESTIMENTO IMOBILIÁRIO TOURMALET I,26395660000102,TORM13,2021-10-29,272.0,69471675.5,,,
169,JT PREV FUNDO DE INVESTIMENTO IMOBILIÁRIO D. HAB,23876086000116,JTPR11,2023-03-31,8.0,17555462.8,,,
170,HAZ FUNDO DE INVESTIMENTO IMOBILIÁRIO,14631148000139,ATCR11,2023-03-31,33.0,75026483.03,,,
171,FUNDO DE INVEST IMOB - OURINVEST LOGÍSTICA,13974819000100,PDDA11B,2023-03-31,5102.0,166691647.81,,,
172,VINCI LOGISTICA FUNDO DE INVESTIMENTO IMOBILIARIO,24853044000122,VILG11,2023-03-01,156636.0,1677228504.13,2023-04-27,92.29,26168.0
173,STARX,11044355000107,STRX11,2023-03-31,55.0,264467459.77,2023-04-27,15816.0,0.0
174,FUNDO DE INVEST. IMOBILIÁRIO HOSPITAL UNIMED CAPIXABA,28851767000143,HUSC11,2023-03-01,759.0,116414791.91,2023-04-27,99.15,8.0
175,VBI LOGISTICO FII,30629603000118,LVBI11,2023-03-31,69305.0,1360041154.89,2023-04-27,101.45,13356.0
176,RB CAPITAL RENDIMENTOS IMOBILIÁRIOS FII - FII,26511274000139,RCRI13,2021-11-01,149.0,18639596.1,,,
177,XP HOTÉIS - FUNDO DE INVESTIMENTO IMOBILIÁRIO - FII,18308516000163,VREH14,2023-03-31,1327.0,374616045.03,,,
178,RBR CREDITO IMOB FII,30166700000111,FRBR11,2023-03-31,31088.0,554163457.16,,,
179,FUNDO DE INVESTIMENTO IMOBILIÁRIO TOURMALET II,30578316000126,TOUR11,2021-10-29,675.0,64707168.48,2023-04-19,8.8,0.0
180,OURO VERDE DESENVOLVIMENTO IMOBILIÁRIO I FII,19107604000160,ORPD11,2023-03-31,6.0,42782812.87,2023-04-19,93.0,0.0
181,PATEO BANDEIRANT FII,14788492000136,PATB11,2023-03-31,57.0,575120033.42,,,
182,FUNDO DE INVESTIMENTO IMOBILIÁRIO GREEN TOWERS,23740527000158,GTWR11,2023-03-31,27116.0,1138967684.57,2023-04-27,77.61,4859.0
183,PATRIA EDIFICIOS CORPORATIVOS FII,30048651000112,PATC11,2023-03-31,8002.0,264081721.72,2023-04-27,67.5,1798.0
184,CX RIO BRAVO FUNDO DE FUNDOS DE INVESTIMENTO IMOBILIÁRIO II,31887401000139,CRFF11,2023-03-01,1638.0,55616372.74,2023-04-27,64.5,228.0
185,FUNDO REC RENDA IMOBILIARIA,32274163000159,RECT11,2023-03-01,75612.0,793794227.53,2023-04-27,50.15,8162.0
186,NE LOGISTIC FUNDO DE INVESTIMENTO IMOBILIÁRIO,30495165000142,NELO11,2023-03-01,1.0,678115890.8,,,
187,BARIGUI RENDIMENTOS I FII,29267567000100,BARI11,2023-03-01,39227.0,445647608.68,2023-04-27,77.95,16160.0
188,EVEN PERMUTA KINEA FII – FUNDO DE INVESTIMENTO IMOBILIÁRIO,24070076000151,KINP11,2023-03-01,1932.0,26408606.84,2023-04-27,9.82,0.0
189,LOFT I FUNDO DE INVESTIMENTO IMOBILIÁRIO,19722048000131,LOFT11B,2023-03-31,1.0,27360410.19,2023-04-27,29.9,0.0
190,FUNDO DE INVESTIMENTO IMOBILIÁRIO SC 401,12804013000100,FISC11,2023-03-01,66.0,195891852.31,2023-04-27,165.0,0.0
191,FII HECTARE CE,30248180000196,HCTR11,2023-03-31,208225.0,2620721292.22,2023-04-27,47.8,149939.0
192,JPP CAPITAL RECEBIVEIS IMOBILIARIOS - FII,30982880000100,JPPA11,2023-03-01,8059.0,88967458.82,2023-04-27,94.07,2478.0
193,RIZA ARCTIUM FII,28267696000136,YCHY11,2023-03-31,38504.0,371607743.61,2023-04-27,1000.0,0.0
194,SANTANDER PAPÉIS IMOBILIARIO CDI FUNDO DE INVESTIMENTO IMOB.,32903521000145,SADI11,2023-03-31,9409.0,310222937.97,2023-04-27,81.99,2332.0
195,FUNDO DE INVEST IMOB - OURINVEST FUNDO DE FUNDOS,30791386000168,OUFF11,2023-03-31,8168.0,127816812.93,2023-04-27,60.19,926.0
196,HEDGE OFFICE INCOME FUNDO DE INVESTIMENTO IMOB,31894369000119,RBCO12,2023-03-01,7715.0,339923926.49,,,
197,FUNDO DE INVESTIMENTO IMOBILIARIO VBI CRI,28729197000113,CVBI11B,2023-03-01,73515.0,1045066409.08,,,
198,BRLPROP FII,29800650000101,BPRP11,2023-03-31,176.0,147316448.68,2023-04-27,91.11,0.0
199,CSHG IMOBILIARIO FOF - FUNDO DE INVESTIMENTO IMO - FII,32784898000122,HGFF11,2023-03-01,10249.0,238937080.44,2023-04-27,73.28,21378.0
200,HSI MALLS FUNDO DE INVESTIMENTO IMOBILIÁRIO,32892018000131,HSML11,2023-03-31,150576.0,1511783606.51,2023-04-27,84.68,26421.0
201,HEDGE REALTY DEVELOPMENT FUNDO DE INVESTIMENTO IMOBILIÁRIO,16929519000199,HRDF11,2023-03-01,1254.0,8588308.07,2023-04-27,0.89,3951.0
202,HABITAT II - FUNDO DE INVESTIMENTO IMOBI,30578417000105,HABT11,2023-03-31,70409.0,804850566.67,2023-04-27,84.59,28351.0
203,DEL MONTE FUNDO DE INVESTIMENTO IMOBILIÁRIO - FII,28108193000118,DLMT11,2023-03-31,9.0,8737604.36,,,
204,XP CREDITO IMOBILIÁRIO FII,28516301000191,XPCI11,2023-03-01,72515.0,791742254.24,2023-04-27,79.06,30210.0
205,FII FOF INTEGRAL BREI,33721517000129,IBFF11,2022-08-31,3870.0,9855905.16,2023-04-27,66.4,0.0
206,VINCI INSTRUMENTOS FINANCEIROS FII,31547855000160,VIFI11,2023-03-01,6750.0,68278638.09,2023-04-27,6.81,5993.0
207,FARIA LIMA CAPITAL RECEBÍVEIS IMOBILIÁRIOS I - FII,33884145000151,FLCR12,2023-03-01,2664.0,61970566.97,,,
208,TELLUS PROPERTIES FUNDO DE INVESTIMENTO IMOBILIÁRIO,26681370000125,SDIP11,2023-03-01,10160.0,403309943.63,2023-04-27,88.0,0.0
209,MAUA CAPITAL RE FII,23648935000184,MCCI11,2023-03-31,110782.0,1573775211.06,2023-04-27,83.8,43283.0
210,NEWPORT LOGISTICA FII,32527626000147,NEWL13,2023-03-01,3519.0,244831766.72,,,
211,PLURAL RECEBÍVEIS FUNDO DE INVESTIMENTO IMOBILIÁRIO,32527683000126,PLCR11,2023-03-31,14047.0,193366697.49,2023-04-27,82.32,5593.0
212,V2 PROPERTIES FII,33045581000137,VVPR11,2022-08-31,1372.0,226032234.18,2023-04-19,101.5,0.0
213,VECTIS JUROS REAL FUNDO DE INVESTIMENTO IMOBILIÁRIO – FII,32400250000105,VCJR11,2023-03-01,15140.0,1403427545.21,2023-04-27,86.02,17730.0
214,TRX REAL ESTATE FUNDO DE INVESTIMENTO IMOBILIÁRIO - FII,28548288000152,TRXF11,2023-03-01,89314.0,1240433505.05,2023-04-27,103.42,74831.0
215,CARTESIA RECEBÍVEIS IMOBILIÁRIOS FUNDO DE INVESTIMENTO IMOBI,32065364000146,SNCR11,2023-03-01,9279.0,189161169.77,2023-04-27,97.8,0.0
216,PLUS FII,15098422000119,VTPL11,2023-03-31,53.0,107100955.46,,,
217,FII RBR DESENV,26314437000193,RBRM11,2023-03-31,54.0,25316972.31,2023-04-27,160000.0,0.0
218,FII ÁTRIO REIT RECEBÍVEIS IMOBILIÁRIOS,32006821000121,ARRI11,2023-03-01,22862.0,116056909.5,2023-04-27,8.23,20412.0
219,INTER TÍTULOS IMOBILIÁRIOS FII,34007109000172,BICR11,2023-03-31,540.0,49728037.35,2023-04-27,98.53,0.0
220,LOGCP INTER FII,34598181000111,LGCP11,2023-03-31,14762.0,280890961.7,2023-04-27,74.5,1645.0
221,LUGGO FUNDO DE INVESTIMENTO IMOBILIARIO,34835191000123,LUGG11,2023-03-31,4264.0,133083986.18,2023-04-27,72.99,228.0
222,VINCI OFFICES FUNDO DE INVESTIMENTO IMOBILIÁRIO,12516185000170,VINO11,2023-03-01,122986.0,902026395.5,2023-04-27,42.7,14063.0
223,XP PROP. FUNDO DE INVESTIMENTO IMOBILIAR,30654849000140,XPPR11,2023-03-31,65320.0,507825213.5,2023-04-27,23.2,10010.0
224,XP SELECTION FUNDO DE INVESTIMENTO IMOBILIÁRIO - FII,30983020000190,XPSF11,2023-03-01,39351.0,343816972.75,2023-04-27,7.03,68320.0
225,FUNDO DE INVESTIMENTO IMOBILIÁRIO KEYCASH,24703709000111,01J911,2023-03-31,7.0,4258656.41,,,
226,HEDGE LOGÍSTICA FUNDO DE INVESTIMENTO IMOBILIÁRIO,27486542000172,HLOG11,2023-03-01,4123.0,491405746.57,2023-04-27,81.25,1159.0
227,SANTANDER RENDA DE ALUGUEIS FII,32903702000171,SARE11,2023-03-31,37996.0,862909815.93,2023-04-27,56.17,60233.0
228,RIO BRAVO CRÉDITO IMOBILIÁRIO HIGH GRADE FII,30647758000187,RBIV11,2023-03-01,7776.0,160467123.94,2023-04-27,83.7,0.0
229,HEDGE SHOPPING PARQUE DOM PEDRO FII,35586415000173,HPDP11,2023-03-01,390.0,259653820.59,2023-04-27,68.02,229.0
230,MB BI FUNDO DE INVESTIMENTO IMOBILIÁRIO,32177294000118,MBBI11,2023-03-01,1.0,34394476.25,,,
231,MORE FOF FII,34197727000122,MORE11,2023-03-31,17066.0,181334114.85,2023-04-27,60.53,4434.0
232,FII MULTI RENDA URBANA,30871698000181,HBRH11,2023-03-01,1170.0,311169178.84,2023-04-27,92.9,177.0
233,FUNDO DE INVESTIMENTO IMOBILIÁRIO RB CAPITAL I FOF,34027774000128,RFOF11,2023-03-01,5139.0,81599908.81,2023-04-27,69.5,1466.0
234,BRESCO LOGISTICA FUNDO DE INVESTIMENTO IMOBILIÁRIO,20748515000181,BRCO11,2023-03-01,112035.0,1792870468.36,2023-04-27,102.1,30955.0
235,FUNDO DE INVESTIMENTO IMOBILIARIO VOTORANTIM SECURITIES,10347505000180,VSEC11,2023-03-01,65.0,2543362.35,2023-04-27,3.49,0.0
236,MÉRITO FUNDOS E AÇÕES IMOBILIÁRIAS FII,32397369000176,MFAI11,2023-03-01,3356.0,20491291.24,2023-04-27,56.98,295.0
237,URCA PRIME RENDA FI IMOBILIÁRIO,34508872000187,URPR11,2023-03-31,92714.0,1172646917.37,2023-04-27,91.0,17457.0
238,GENERAL SHOPPING E OUTLETS DO BRASIL FII,11769604000113,GSFI11,2023-03-31,6891.0,1062133568.44,2023-04-27,5.5,2303.0
239,FUNDO DE INVESTIMENTO IMOBILIÁRIO CDURP,30492505000181,CDUP11,2023-03-01,1.0,163234222.05,,,
240,FUNDO DE INVESTIMENTO IMOBILIÁRIO ATHENA I,30567216000102,FATN11,2023-03-01,1187.0,120592346.72,2023-04-27,93.7,312.0
241,RBR LOG FUNDO DE INVESTIMENTO IMOBILIÁRIO,35705463000133,RBRL11,2023-03-01,10720.0,709028795.2,2023-04-27,73.21,10052.0
242,QUASAR AGRO FII,32754734000152,QAGR11,2023-03-31,23900.0,281449547.2,2023-04-27,42.81,2841.0
243,TORDESILHAS EI FII,30230870000118,TORD11,2023-03-31,107077.0,487032696.9,2023-04-27,3.5,43753.0
244,VBI REITS FOF - FUNDO DE INVESTIMENTO IMOBILIARIO,35507457000171,RVBI11,2023-03-01,12157.0,116824281.99,2023-04-27,73.8,1844.0
245,FII LEGATUS SHOPPINGS,30248158000146,LASC11,2023-03-31,349.0,300047009.86,2023-04-27,100.69,4.0
246,CAPITANIA FOF FII,34081611000123,CPFF11,2023-03-31,11001.0,194076031.91,2023-04-27,60.39,3640.0
247,MOGNO HOTEIS FII,34197776000165,MGHT11,2023-03-31,3188.0,112435823.6,2023-04-27,59.11,1689.0
248,VALORA CRI  FII,34197811000146,VGIP11,2023-03-31,85389.0,1081637726.26,2023-04-27,80.9,28423.0
249,BLUECAP LOG FII,35652060000173,BLCP11,2022-09-30,279.0,256580339.9,2023-04-27,91.0,0.0
250,RBR DESENVOLVIMENTO COMERCIAL FEEDER FOF FII,35689670000141,RCFF11,2023-03-01,86.0,28999283.41,2023-04-27,110.0,0.0
251,ALIANZA MULTI FII,34847063000108,AFOF11,2023-03-31,3684.0,62001366.43,2023-04-27,91.6,0.0
252,GENESIS MULTIESTRATÉGIA FUNDO DE INVESTIMENTO IMOBILIÁRIO,30982974000189,VXXV11,2023-03-31,20.0,267977094.55,2023-04-27,1001.0,5990.0
253,PROLOGIS BRAZIL LOGISTICS VENTURE FII,31962875000106,PBLV11,2023-03-01,2.0,5733292191.41,,,
254,TRX REAL ESTATE II FUNDO DE INVESTIMENTO IMOBILIÁRIO - FII,36368925000137,TRXB13,2023-03-01,195.0,329338046.8,,,
255,FUNDO IMOBILIÁRIO SUCCESPAR,27538422000171,SPVJ11,2023-03-31,27.0,734170275.46,,,
256,PARQUE ANHANGUERA FUNDO DE INVESTIMENTO IMOBILIÁRIO,12978943000172,PQAG11,2023-03-01,464.0,801708780.78,2023-04-27,50.0,0.0
257,FII GALAPAGOS FOF,35652154000142,GCFF11,2023-03-31,1877.0,25877625.78,2023-04-27,66.2,1797.0
258,QUATÁ IMOB RECEBÍVEIS IMOBILIÁRIOS - FII,34736432000187,QIRI11,2022-09-01,173.0,13441852.95,2023-04-27,78.04,0.0
259,PÁTRIA LOGÍSTICA FII,35754164000199,PATL11,2023-03-31,24022.0,489090068.08,2023-04-27,65.0,8531.0
260,FUNDO DE INVESTIMENTO IMOBILIARIO VOTORANTIM SECURITIES III,14422044000114,VTRT11,2021-03-01,499.0,1030654046.2,,,
261,RB CAPITAL LOG FII,35652227000104,RBLG11,2023-03-31,187.0,62169655.74,2023-04-27,92.0,0.0
262,VBI PRIME FII,35652102000176,PVBI11,2023-03-31,97542.0,1240903544.55,2023-04-27,94.99,25706.0
263,FUNDO DE INVESTIMENTO IMOBILIÁRIO HOUSI,34081631000102,HOSI11,2023-03-31,1742.0,53375817.11,2023-04-27,57.99,178.0
264,HSI ATIVOS FINANCEIROS FUNDO DE INVESTIMENTO IMOBILIÁRIO,35360687000150,HSAF11,2023-03-01,8578.0,229952016.9,2023-04-27,78.55,7929.0
265,LOFT II FUNDO DE INVESTIMENTO IMOBIL,24796967000190,LFTT11,2023-03-31,425.0,258280634.49,2023-04-27,65.75,257.0
266,DEVANT RECEBÍVEIS IMOBILIÁRIOS FII,37087810000137,DEVA13,2023-03-31,132405.0,1384543208.72,,,
267,BRL PROP II FII,35652278000128,BRLA11,2023-03-31,137.0,485889572.27,2023-04-27,157.0,0.0
268,AUTONOMY EDIFÍCIOS CORPORATIVOS FII,35765826000126,AIEC11,2023-03-31,12545.0,454733464.25,2023-04-27,60.39,2466.0
269,INTER TEVA ÍNDICE DE TIJOLO FII,36293425000183,IFIE11,2023-03-31,8761.0,66760370.65,2023-04-27,71.98,0.0
270,FUNDO DE INVESTIMENTO IMOBILIÁRIO GUARDIAN LOGÍSTICA,37295919000160,GALG11,2023-03-01,30801.0,532022907.26,2023-04-27,8.44,79618.0
271,HEDGE RECEBÍVEIS IMOBILIÁRIOS FUNDO DE INVESTIMENTO IMOB,35507262000121,HREC11,2023-03-01,1103.0,464727458.63,2023-04-27,75.8,1731.0
272,VBI CONSUMO ESSENCIAL FUNDO DE INVESTIMENTO IMOBILIÁRIO,34691520000100,EVBI11,2023-03-01,1073.0,189048217.78,2023-04-27,93.9,30.0
273,MOGNO CRI MULT FII,35652204000191,MGCR11,2023-03-31,4094.0,127958194.47,2023-04-27,77.94,1627.0
274,FUNDO DE INVESTIMENTO IMOBILIÁRIO RIZA TERRAX,36501128000186,RZTR11,2023-03-31,85238.0,1056219506.67,2023-04-27,83.0,27814.0
275,IMMOB II FUNDO DE INVESTIMENTO IMOBILIÁRIO - FII,32655589000152,IMMO13,2023-03-31,1.0,8107952.23,,,
276,KINEA SECURITIES FUNDO DE INVESTIMENTO IMOBILIÁRIO – FII,35864448000138,KNSC11,2023-03-01,89943.0,1176599335.95,2023-04-27,85.78,43106.0
277,FUNDO DE INVESTIMENTO IMOBILIÁRIO REC LOGÍSTICA,37112770000136,RELG11,2023-03-01,7506.0,162819580.31,2023-04-27,47.35,4453.0
278,BLUEMACAW LOGÍSTICA FUNDO INVESTIMENTO,34081637000171,BLMG11,2023-03-31,12481.0,352908327.64,2023-04-27,62.45,5510.0
279,KILIMA FUNDO DE INVEST EM COTAS DE FUNDOS IMOB SUNO 30,36669660000107,KISU13,2023-03-01,118401.0,361213696.28,,,
280,RB CAPITAL RECEBÍVEIS IMOBILIÁRIOS FII,35689733000160,RRCI11,2023-03-01,2329.0,44086151.25,2023-04-27,79.08,578.0
281,HSI LOGÍSTICA FUNDO DE INVESTIMENTO IMOBILIÁRIO,32903621000171,HSLG11,2023-03-01,25101.0,1322434765.5,2023-04-27,82.0,9226.0
282,HEDGE AAA FUNDO DE INVESTIMENTO IMOBILIÁRIO,27445482000140,HAAA11,2023-03-01,221.0,306561925.2,2023-04-27,62.0,10.0
283,KINEA CO-INVESTIMENTO FUNDO DE INVESTIMENTO IMOBILIÁRIO,30816679000152,003H11,2023-03-01,3.0,112464880.45,,,
284,HGI CRÉDITOS IMOBILIÁRIOS FUNDO DE INVESTIMENTO IMOBILIÁRIO,38456508000171,HGIC13,2023-03-31,395.0,54860122.59,,,
285,RIO BRAVO RENDA RESIDENCIAL FII,36517660000191,RBRS11,2023-03-01,1227.0,163354593.82,2023-04-27,50.99,348.0
286,ESTOQUE RESIDENCIAL E COMERCIAL RIO DE JANEIRO FII,37266902000184,ERCR11,2023-03-01,10.0,149844751.72,2023-04-27,76000.0,0.0
287,BB FUNDO DE FUNDOS - FUNDO DE INVESTIMENTO IMOBILIÁRIO,37180091000102,BBFO11,2023-03-01,5350.0,301826276.48,2023-04-27,64.35,1656.0
288,TREECORP REAL ESTATE FUNDO DE INVESTIMENTO IMOBILIÁRIO - I,26990011000150,TCPF11,2023-03-01,51.0,38374404.17,,,
289,BTGP SHOPPINGS FII,33046142000149,BPML11,2023-03-31,1574.0,530055773.93,2023-04-27,56.43,4223.0
290,FUNDO DE INVESTIMENTO IMOBILIÁRIO RAILWAY MALL I - FII,14088246000171,RWYM11,2023-03-31,1.0,96739053.11,,,
291,SHOPP GUARULHOS FII,21500500000162,IRBL11,2023-03-31,1.0,320852922.52,,,
292,JBFO FOF FUNDO DE INVESTIMENTO IMOBILIÁRIO,36615915000159,JBFO13,2023-03-31,363.0,98878264.67,,,
293,FUNDO DE INVESTIMENTO IMOBILIÁRIO DO ESTADO DE SÃO PAULO,13598226000188,FISP11,2023-03-31,1.0,88079905.06,,,
294,RIZA AKIN FII,36642219000131,RZAK11,2023-03-31,44967.0,819610036.73,2023-04-27,86.78,49308.0
295,RIO BRAVO CRÉDITO IMOB HIGH YIELD FUNDO DE INV. IMOB. - FII,37899479000150,RBHY11,2023-03-01,3735.0,179584127.52,2023-04-27,92.0,2221.0
296,HSI RENDA IMOBILIÁRIA FUNDO DE INVESTIMENTO IMOBILIÁRIO,08098114000128,HSRE11,2023-03-01,189.0,820516434.64,2023-04-27,103.0,10.0
297,SOLARIUM FII - FUNDO DE INVESTIMENTO IMOBILIÁRIO,22169671000113,SOLR11,2023-03-31,52.0,57789342.48,2023-04-27,1011.0,0.0
298,GALAPAGOS CRI FII,38293897000161,GCRI11,2023-03-31,3813.0,113232070.49,2023-04-27,89.0,840.0
299,JFL LIVING FUNDO DE INVESTIMENTO IMOBILIÁRIO,36501181000187,JFLL11,2023-03-01,4035.0,151873022.0,2023-04-27,64.9,85.0
300,FUNDO DE INVESTIMENTO IMOBILIARIO HBC RENDA URBANA,36501159000137,HBCR11,2023-03-01,46.0,116514949.31,2023-04-27,113.01,54600.0
301,BLUEMACAW RENDA+ FOF FUNDO DE INVESTIMENTO IMOBILIÁRIO,36368869000130,BLMR11,2023-03-01,18383.0,186145692.53,2023-04-27,6.38,85821.0
302,VERSALHES RECEBÍVEIS IMOBILIÁRIOS FII,36244015000142,VSLH13,2023-03-31,95041.0,306068442.74,,,
303,SEQUÓIA III RENDA IMOBILIÁRIA FII,09517273000182,SEQR11,2023-03-31,4927.0,150226262.31,2023-04-27,60.0,1269.0
304,BLUEMACAW FII,38294221000192,BLMC11,2023-03-31,421.0,38761767.73,2023-04-27,71.02,39.0
305,FII RBR SPEC OPPORT,35652174000113,,2023-03-31,3.0,35308174.66,,,
306,BTGP AGRO LOG FII,36642244000115,BTAL11,2023-03-31,43445.0,629053590.88,2023-04-27,86.49,7088.0
307,INTER TEVA ÍNDICE DE PAPEL FII,36312772000106,IFID11,2023-03-31,2506.0,55863287.95,2023-04-27,80.06,0.0
308,PLURAL LOGÍSTICA FUNDO DE INVESTIMENTO IMOBILIÁRIO,36501198000134,PLOG11,2023-03-01,3282.0,79659717.94,2023-04-27,70.33,189.0
309,VALORA HEDGE,36771692000119,VGHF11,2023-03-31,244537.0,666911754.82,2023-04-27,8.85,219379.0
310,LESTE RIVA EQUITY PREFERENCIAL I FII,31847293000170,LSPA11,2023-03-31,223.0,46224182.91,2023-04-27,107.33,0.0
311,TJK RENDA IMOBILIÁRIAQ FII,39714024000148,TJKB11,2023-03-01,56.0,202200760.59,2023-04-27,262.5,9.0
312,FII EXCLUSIVO INFRA PATRIMONIAL II,18730914000173,082S11,2023-03-31,1.0,41377336.68,,,
313,FII CAIXA IMÓVEIS CORPORATIVOS,38658984000175,CXCO11,2023-03-31,13297.0,390218232.54,2023-04-27,68.79,3434.0
314,QUASAR CRÉDITO IMOBILIÁRIO FUNDO DE INVESTIMENTO IMOBILIÁRIO,32400264000129,QAMI11,2023-03-31,1446.0,74343471.73,2023-04-27,74.0,23.0
315,YUCA FUNDO DE INVESTIMENTO IMOBILIÁRIO,36445551000106,YUFI11B,2023-03-01,45.0,48747793.44,,,
316,FII HECTARE RECEBÍVEIS HIGH GRADE,34508959000154,HCHG11,2023-03-31,674.0,120662750.69,2023-04-27,81.0,1647.0
317,NAVI TOTAL RE FII,35652252000180,NAVT11,2023-03-31,1946.0,89897485.49,2023-04-27,73.0,1496.0
318,REC FOF FII,36642356000176,RECX11,2023-03-31,671.0,15695166.06,2023-04-27,61.5,185.0
319,ASA METROPOLIS FII,38293921000162,CORM11,2023-03-31,349.0,84574190.37,2023-04-27,81.0,0.0
320,AF INVEST CRI FII,36642293000158,AFHI11,2023-03-31,19089.0,286647451.34,2023-04-27,92.3,5686.0
321,TISHMAN SPEYER RENDA CORPORATIVA FUNDO DE INV IMOBILIÁRIO,34847042000184,TSER11,2023-03-01,26.0,117859724.7,2023-04-27,100.0,0.0
322,PERFORMA REAL ESTATE - FUNDO DE INVESTIMENTO IMOBILIÁRIO,34736510000143,PEMA11,2023-03-01,380.0,42130155.47,2023-04-27,29.47,26.0
323,F.I.I. DEVANT,39863059000149,DVFF12,2023-03-31,679.0,95722303.43,,,
324,SUNO FOF FII,40011225000168,SNFF11,2023-03-31,32530.0,236294873.32,2023-04-27,83.6,2563.0
325,MORE CRI FII,40102474000169,MORC11,2023-03-31,5039.0,146671615.9,2023-04-27,84.97,2707.0
326,RBR CRI - FII,40011268000143,CCRF11,2023-03-31,314.0,152619331.18,2023-04-27,84.98,29.0
327,VECTIS RENDA RESIDENCIAL FUNDO DE INVESTIMENTO IMOBILIÁRIO,40041723000153,VCRR11,2023-03-01,3167.0,256626446.98,2023-04-27,72.39,1941.0
328,FUNDO DE INVESTIMENTO IMOBILIARIO TC BTOWERS,20132453000189,BTWR11,2023-03-01,61.0,90699239.03,2023-04-27,107.0,0.0
329,VINCI IMOVEIS URBANOS FUNDO DE INVESTIMENTO IMOBILIARIO,36445587000190,VIUR11,2023-03-01,14999.0,246170038.89,2023-04-27,7.2,56534.0
330,JFDCAM – FUNDO DE INVESTIMENTO IMOBILIÁRIO – FII,15489509000117,VJFD11,2023-03-31,97.0,664927608.09,,,
331,SUNO LOG FUNDO DE INVESTIMENTO IMOBILIÁRIO,40041711000129,MGLG11,2023-03-01,3712.0,116088485.68,2023-04-27,40.99,0.0
332,FII RENDA CORPORATIVA ANGICO,14413342000148,ANGC11,2023-03-01,3.0,372137338.07,,,
333,CRI BREI FII,40011251000196,IBCR11,2023-03-31,4103.0,89062682.2,2023-04-27,70.9,704.0
334,CF2 FUNDO DE INVESTIMENTO IMOBILIÁRIO,34508923000170,CFHI11,2023-03-31,54.0,65612988.07,,,
335,IMMOB V DESENVOLVIMENTO FII,38376805000107,IMMV11,2023-03-31,1.0,11536452.11,,,
336,MAUÁ HIGH YIELD FII,36655973000106,MCHY11,2023-03-31,688.0,362465331.9,2023-04-27,105.93,415.0
337,TERRAS AGRICOLAS FII,41076607000132,BTRA13,2023-03-31,20743.0,395035705.62,,,
338,CYRELA CRÉDITO - FUNDO DE INVESTIMENTO IMOBILIÁRIO,36501233000115,CYCR11,2023-03-31,7237.0,156844423.77,2023-04-27,8.27,44967.0
339,MAUÁ CAPITAL HED FII,36642139000186,MCHF11,2023-03-31,59304.0,298371796.51,2023-04-27,8.07,118778.0
340,SUNO CRI FII,41076710000182,SNCI13,2023-03-31,44275.0,411269474.2,,,
341,IMMOB IV - BRAGANÇA FUNDO DE INVESTIMENTO IMOBILIÁRIO,34693040000188,IMIV11,2023-03-31,1.0,28370846.71,,,
342,SÃO DOMINGOS - FUNDO DE INVESTIMENTO IMOBILIÁRIO - FII,16543270000189,FISD11,2023-03-01,24.0,79936501.71,,,
343,IRIDIUM CRI FII,41076564000195,IRIM11,2023-03-31,2861.0,182196298.1,2023-04-27,86.4,70.0
344,MORE GESTAOATIVA FII,41076678000135,MATV13,2023-03-31,310.0,38492822.7,,,
345,EQI CRI FII,41076380000125,EQIR13,2023-03-31,3269.0,49573574.34,,,
346,LAGO DA PEDRA - FUNDO DE INVESTIMENTO IMOBILIÁRIO,37262752000130,LPLP11,2023-03-01,4.0,122511687.99,,,
348,GALAPAGOS RECEBIVEIS DO AGRONEGOCIO - FIAGRO - IMOBILIARIO,37037297000170,GCRA11,2023-03-31,6231.0,171819082.22,2023-04-27,91.23,1516.0
349,BLUEMACAW CATUAI FII,41076748000155,BLCA13,2023-03-31,154.0,223249725.91,,,
350,GAME11 FII,41269052000145,GAME13,2023-03-31,19820.0,216244512.99,,,
351,GTIS BRAZIL LOGISTICS FUNDO DE INVESTIMENTO IMOBILIARIO,36200677000110,GTLG13,2023-03-01,151.0,664883013.92,,,
352,SIG CAP REC PUL FII,40011324000140,SIGR14,2023-03-31,52.0,38535527.61,,,
353,EXES CRI FII,41076851000103,EXES13,2023-03-31,61.0,26870103.06,,,
354,RB CAPITAL DESENVOLVIMENTO RESIDENCIAL III FII - FII,19249989000108,RSPD11,2023-03-01,105.0,164573692.77,2023-04-27,1125.0,0.0
355,FUNDO DE INVESTIMENTO IMOBILIÁRIO DE UNIDADES AUTÔNOMAS,32774914000104,IDFI11,2023-03-01,231.0,101079952.07,2023-04-27,48.74,73.0
356,GENIAL RENDA URBANA FUNDO DE INVESTIMENTO IMOBILIÁRIO,36501210000100,PURB13,2023-03-31,17.0,123547852.09,,,
357,RB CAPITAL TFO SITUS FUNDO DE INVESTIMENTO IMOBILIÁRIO - FII,29299737000139,RBTS11,2023-03-01,57.0,50281635.61,2023-04-27,1121.0,0.0
358,BRIO MULTIESTRATEGIA - FUNDO DE INVESTIMENTO IMOBILIARIO,41081356000184,BIME13,2023-03-01,7061.0,52316278.56,,,
359,BRIO CRÉDITO ESTRUTURADO - FUNDO DE INVESTIMENTO IMOBILIÁRIO,39332032000120,BICE11,2023-03-01,109.0,69361117.11,2023-04-27,998.0,0.0
360,BRIO REAL ESTATE II,23964843000103,BRIM11,2023-03-01,219.0,140013590.13,2023-04-19,1030.22,0.0
361,XP CRÉDITO AGRÍCOLA-FUNDO DE INVESTIMENTO NAS CADEIAS PROD,41269527000101,XPCA11,2023-03-01,45012.0,298179473.03,2023-04-27,9.91,210354.0
362,KINEA CRÉDITO AGRO FIAGRO-IMOBILIÁRIO,41745701000137,KNCA11,2023-03-01,28926.0,1439187178.92,2023-04-27,105.09,23019.0
363,FIAGRO IMOBILIÁRIO RIZA,40413979000144,RZAG11,2023-03-31,44690.0,651647786.34,2023-04-27,8.85,375054.0
364,CSHG RESIDENCIAL - FUNDO DE INVESTIMENTO IMOBILIÁRIO - FII,41922239000104,HGRS11,2023-03-01,6.0,150566061.91,,,
365,JS ATIVOS FINANCEIROS FUNDO DE INVESTIMENTO IMOBILIÁRIO,42085661000107,JSAF11,2023-03-31,4275.0,141976545.29,2023-04-27,85.93,2080.0
366,RBR PLUS MULTI FII,41088458000121,RBRPLUS,2023-03-31,4033.0,177742480.48,,,
367,BTSP I FUNDO DE INVESTIMENTO IMOBILIARIO,36098375000183,BTSG11,2023-03-31,56.0,106708130.99,2023-04-27,101.0,0.0
368,FUNDO DE INVESTIMENTO IMOBILIÁRIO DE UNIDADES AUTÔNOMAS II,44177538000141,IDGR14,2023-03-01,6.0,27306896.67,,,
369,KILIMA VOLKANO RECEBIVEIS IMOBILIARIOS FII,42273325000198,KIVO15,2023-03-01,1518.0,117351629.36,,,
370,HEDGE SEED FUNDO DE INVESTIMENTO IMOBILIARIO,35689497000181,SEED11,2023-03-01,121.0,134033601.9,2023-04-27,94.0,500.0
371,JGP CRÉD. FIAGRO,42888292000190,JGPX11,2023-03-31,3755.0,81714374.15,2023-04-27,96.09,1208.0
372,EVEN II KINEA FUNDO DE INVESTIMENTO IMOBILIÁRIO,32317313000164,KEVE11,2023-03-01,433.0,138839057.89,2023-04-27,999.98,26.0
373,NAVI RESIDENCIAL FUNDO DE INVESTIMENTO IMOBILIÁRIO,42432327000182,APTO11,2023-03-01,6480.0,40106240.92,2023-04-27,8.5,3402.0
374,FII SERRA VERDE,38082796000141,SRVD11,2023-03-31,97.0,71115145.73,2023-04-27,7.07,0.0
375,MOGNO RE FII,36642099000172,MGIM11,2022-02-25,75.0,24337124.08,2023-04-27,101.5,0.0
376,IMMOB III FUNDO DE INVESTIMENTO IMOBILIÁRIO - FII,34691925000148,FMOB11,2023-03-31,1.0,264550302.38,,,
377,VALORA CRA FIAGRO,41081088000109,VGIA11,2023-03-31,71821.0,822255214.43,2023-04-27,9.35,500265.0
378,NCH CRA FIAGRO,42537438000153,EQIA11,2023-03-31,3570.0,43158361.17,2023-04-27,93.98,0.0
379,RBR DESENV III  FII,32441656000136,RBRI11,2023-03-31,85.0,163119839.89,2023-04-27,995.0,0.0
380,MAUA MPD FII,41080968000152,MMPD14,2023-03-31,48.0,57619911.92,,,
381,BB FUNDO DE INVESTIMENTO DE CRÉDITO FIAGRO-IMOBILIÁRIO,42592257000120,BBGO11,2023-03-01,7227.0,393431665.56,2023-04-27,79.5,1209.0
382,BLUEMACAW OFFICE FUND II FII,34895894000147,BLMO11,2023-03-01,93.0,127290899.82,2023-04-27,20999.0,0.0
383,LAVOURA FUNDO DE INVESTIMENTO IMOBILIÁRIO,37467733000140,LAVF11,2023-03-01,7.0,116243.8,,,
384,FG AGRO FI NAS CADEIAS PROD AGROIND FIAGRO IMOBILIARIO,42405905000191,FGAA11,2023-03-01,25482.0,327298660.52,2023-04-27,9.58,87404.0
385,ZION CAPITAL FUNDO DE INVESTIMENTO IMOBILIÁRIO - FII,35820768000196,ZIFI11,2023-03-31,66.0,57170510.11,2023-04-27,1040.0,0.0
386,FUNDO DE INVESTIMENTO IMOBILIÁRIO CAIXA AGENCIAS,40189596000134,CXAG11,2023-03-01,11434.0,240052379.07,2023-04-27,76.95,2037.0
387,KINEA CREDITAS FUNDO DE INVESTIMENTO IMOBILIÁRIO - FII,42502802000140,KCRE13,2023-03-01,6238.0,357420822.53,,,
388,CVPAR CRI FII,38294329000185,CVPR14,2023-03-31,1.0,13632182.0,,,
389,LESTE FIAGRO - IMOBILIÁRIO,42592476000109,LSAG13,2023-03-31,758.0,81084055.34,,,
390,PRAIA DO CASTELO FUNDO DE INVESTIMENTO IMOBILIÁRIO,24514406000150,PCAS11,2023-03-31,50.0,574868108.97,,,
391,FUNDO DE INVESTIMENTO IMOBILIÁRIO CAIXA CARTEIRA IMOBILIÁRIA,42066916000194,CXCI11,2023-03-01,5460.0,181772975.15,2023-04-27,74.01,8593.0
392,WHG REAL ESTATE FII FII,41256643000188,WHGR13,2023-03-01,5199.0,250494033.03,,,
393,RBR PREMIUM RECEBÍVEIS IMOB FUNDO INVESTIMENTO IMOBILIÁRIO,42502842000191,RPRI11,2023-03-01,2745.0,227798531.21,2023-04-27,94.0,1713.0
394,VECTIS DATAGRO CRÉD AGRONEGÓCIO FI NAS CADEIAS PROD AGRO IMO,42502827000143,VCRA14,2023-03-01,4781.0,471342320.2,,,
395,ITAÚ ASSET RURAL FIAGRO - IMOBILIÁRIO,42479593000160,RURA11,2023-03-01,20927.0,982155461.43,2023-04-27,10.18,71457.0
396,FIAGRO DEVANT,42888360000111,DCRA11,2023-03-31,12357.0,64824372.42,2023-04-27,8.75,10411.0
397,EUROPA 105 - FUNDO DE INVESTIMENTO IMOBILIÁRIO,31469385000164,ERPA11,2023-03-01,337.0,68696850.38,2023-04-27,121.0,0.0
398,FII ECOAGRO I - FIAGRO,41224330000148,EGAF11,2023-03-31,3204.0,109963969.81,2023-04-27,100.3,8615.0
399,FII BLUE RECEBÍV,38051307000194,BLUR11,2023-03-31,97.0,9082140.69,2023-04-27,101.0,0.0
400,VIC DESENVOLVIMENTO 20/21 FII,32527552000149,VIDS13,2023-03-31,1493.0,73818304.4,,,
401,SÃO FRANCISCO 34 FUNDO DE INVESTIMENTO IMOBILIÁRIO,32065718000152,SFRO13,2022-03-01,20.0,5191438.53,,,
402,FRONTEIRA FII,41251077000111,FRHY11,2023-03-31,7.0,12436330.03,,,
403,FII LIFE CAPITAL PARTNERS,39753295000102,LIFE11,2023-03-31,1071.0,174045688.47,2023-04-27,9.95,23295.0
404,BASÍLICA PARTNERS LED CORPORATE FII,28267555000113,BPLC11,2023-03-31,114.0,315382437.54,,,
405,MULTI PROPERTIES FII,22957521000174,PRTS11,2022-04-29,11.0,3111607.44,,,
406,VINCI CREDIT SECURITIES FUNDO DE INVESTIMENTO IMOBILIARIO,41081374000166,VCRI11,2023-03-01,7313.0,169361599.69,2023-04-27,7.72,99542.0
407,FUNDO DE INVEST. IMOB. HOSPITAL UNIMED CAMPINA GRANDE,39347413000182,HUCG11,2023-03-01,225.0,114378149.99,2023-04-27,67.53,0.0
408,OURINVEST INNOVATION FIAGRO IMOBILIARIO,41218352000103,OIAG11,2023-03-31,5687.0,88385713.15,2023-04-27,9.56,42949.0
409,FII DEVANT PROPE,42922127000108,DPRO14,2023-03-31,141.0,36044361.33,,,
410,SFI INVESTIMENTOS DO AGRONEGÓCIO – FIAGRO-IMOBILIÁRIO,44286898000181,IAGR13,2023-03-31,191.0,25962051.89,,,
411,RB CAPITAL DESENVOLVIMENTO RESIDENCIAL IV FII,31161410000148,RBIR11,2023-03-01,1429.0,143718699.72,2023-04-27,68.51,17.0
412,HIGH FIAGRO IMOBILIARIO,40343867000164,HGAG11,2023-03-31,628.0,5880086.46,2023-04-27,37.8,800.0
413,FII MANATÍ,42888583000189,MANA11,2023-03-31,2343.0,189138252.65,2023-04-27,9.4,6700.0
414,FUNDO DE INVESTIMENTO EXES ARAGUAIA FIAGRO IMOBILIARIO,43951911000107,AGRX14,2023-03-01,3148.0,66268568.65,,,
415,COOPBENS FUNDO DE INVESTIMENTO IMOBILIÁRIO,37532662000112,CBEN11,2023-03-01,1.0,27195210.01,,,
416,MOGNO RENDA URBANA FUNDO DE INVESTIMENTO IMOBILIARIO,41320997000144,MGRI11,2023-03-31,1.0,24134666.81,,,
417,CANUMA CAPITAL FII,43010844000126,CCME14,2023-03-31,76.0,251390266.28,,,
418,FII ROOFTOP I,38456598000109,ROOF11,2023-03-31,75.0,50769681.86,2023-04-27,759.99,0.0
419,CAPITANIA FIAGRO,42537579000176,CPTR11,2023-03-31,14109.0,409611194.11,2023-04-27,94.4,13340.0
420,SH SPECIAL OPPS FUNDO DE INVESTIMENTO IMOBILIÁRIO,44527168000125,SHSO11,2023-03-01,1.0,18911082.36,,,
421,HUSI FUNDO DE INVESTIMENTO IMOBILIARIO,30017492000199,HUSI11,2023-03-31,86.0,129242661.19,2023-04-27,1137.6099,0.0
422,ALIANZA URBAN FII,41076823000188,AURB11,2023-03-31,5.0,78262245.41,,,
423,MERITO RECEBIVEIS IMOBILIARIOS FII,45403337000188,MFCR11,2023-03-01,97.0,10472382.42,2023-04-27,103.5,3.0
424,PLURAL BRB CRÉDITO AGRO – FIAGRO – IMOBILIÁRIO,41272747000186,PLCA11,2023-03-31,1524.0,53023094.66,2023-04-27,84.0,359.0
425,JASC RENDA VAREJO ESSENCIAL FUNDO DE INVEST. IMOBILIÁRIO,40886241000102,JASC11,2023-03-01,69.0,191188916.28,2023-04-27,100.0,0.0
426,SPX SYN MULTI FII,43010543000100,SPXS11,2023-03-31,2038.0,117811967.95,2023-04-27,81.09,7279.0
427,SUNO AGRO FIAGRO IMOBILIARIO - SUNO AGRO FII,28152777000190,SNAG11,2023-03-31,37061.0,301813119.15,2023-04-27,100.6,6657.0
428,FUNDO DE INVESTIMENTO IMOBILIÁRIO PATEO MOINHOS DE VENTO,01636325000128,PMOV11,2023-03-01,4.0,282411387.68,,,
429,FII ZAVIT REAL ESTATE FUND,40575940000123,ZAVI11,2023-03-31,172.0,117947263.54,2023-04-27,126.0,0.0
430,WARREN SECURITIES FII,43440579000116,WSEC11,2023-02-28,8.0,24778825.55,2023-04-27,90.25,280.0
432,V2EDIFICIOS CORP FII,15006267000163,XTED11,2023-03-31,3805.0,68692542.44,2023-04-27,8.82,0.0
433,FII MULTI SHOPPINGS,22459737000100,SHOP11,2023-03-31,29.0,71420554.61,,,
434,VINCI VIFI 2 FUNDO DE INVESTIMENTO IMOBILIÁRIO - FII,45338526000114,VLIQ11,2022-11-01,309.0,1684672.21,,,
435,FUNDO DE INVESTIMENTO IMOBILIÁRIO PATRIMONIAL IV,09150967000124,OPTM11,2023-03-31,63.0,9946642.87,,,
436,RB CAPITAL PATRIMONIAL V FUNDO DE INVESTIMENTO IMOBILIÁRIO,13568181000107,,2023-03-31,1.0,1789146.85,,,
437,SHOPP CIDADE JD FII,15447110000173,ALVS11,2023-03-31,1.0,803108055.25,,,
438,FII SHOPPING LIGHT,17308805000108,,2023-03-31,1.0,39602095.96,,,
439,MAIS SHOPPING FII,17568605000186,SHPG11,2023-03-31,1.0,364545366.99,,,
440,FII MORUMBI TOWN I,19628741000140,TWNI11,2023-03-31,1.0,10470466.71,,,
441,TOP CENTER FII,23768027000124,,2023-03-31,1.0,505232600.46,,,
442,JK TOWN FII,23768932000184,JKWN11,2017-10-31,1.0,249245809.64,,,
443,CTBH FUNDO DE INVESTIMENTO IMOBILIÁRIO - FII,19442626000186,CTBH11,2022-11-01,1.0,2913809.12,,,
444,FUNDO DE INVESTIMENTO IMOBILIÁRIO VIDA NOVA - FII,17854016000164,FIVN11,2023-03-01,3928.0,72302402.2,,,
445,SB FI NAS CADEIAS PRODUTIVAS AGROINDUSTRIAIS FIAGRO,17198500000182,SBFI11,2023-03-01,1.0,255766121.18,,,
446,CAIXA FUNDO DE INVESTIMENTO IMOBILIARIO PORTO MARAVILHA,12989974000129,PMRV11,2023-03-01,1.0,723438414.8,,,
447,SHOPPING IPIRANGA FII,18929094000143,IPIR11,2018-09-01,3.0,87279837.25,,,
448,CICA JUNDIAÍ - FUNDO DE INVESTIMENTO IMOBILIÁRIO,13920018000153,,2023-03-01,25.0,116879013.81,,,
449,DERRY UNIVERSAL FUNDO DE INVESTIMENTO IMOBILIARIO  FII,16543264000121,DERR11,2017-12-01,1.0,2310871.0,,,
450,FUNDO DE INVESTIMENTO IMOBILIARIO DA REGIAO DO PORTO,12927767000140,RPOR11,2023-03-01,2.0,204584724.97,,,
451,G5 JOMAFIL - FUNDO DE INVESTIMENTO IMOBILIARIO - FII,22340978000135,G5JF11,2023-03-31,3.0,313435001.45,,,
452,SONDA FUNDO DE INVESTIMENTO IMOBILIÁRIO - FII,13726079000184,FNDA11,2023-03-31,2.0,627220946.89,,,
453,FP. F ANDROMEDA FUNDO DE INVESTIMENTO IMOBILIÁRIO,04782236000188,,2023-03-01,2.0,701080906.04,,,
454,SAPUCAÍ RIO FUNDO DE INVESTIMENTO IMOBILIÁRIO - FII,19131224000160,,2023-03-01,1.0,32731630.83,,,
455,NIHAL - FUNDO DE INVESTIMENTO IMOBILIÁRIO - FII,23179381000113,,2023-03-01,1.0,25365101.12,,,
456,FUNDO DE INVESTIMENTO IMOBILIÁRIO PENÍNSULA,07583627000161,,2023-03-31,1.0,3319746537.84,,,
457,FII PANAMBY,00613094000174,PABY11,2019-11-01,389.0,190327786.45,,,
458,FUNDO DE INVESTIMENTO IMOBILIÁRIO VOTORANTIM SECURITIES II,10348185000183,VBRE11,2020-01-01,477.0,628167661.7,,,
459,FUNDO DE INVESTIMENTO IMOBILIÁRIO VOTORANTIM SECURITIES IV,20265434000120,VTSC11,2020-07-01,444.0,914981141.81,,,
460,CHALLENGER FUNDO DE INVESTIMENTO IMOBILIARIO FII,18950957000164,CHLL11,2023-03-31,1.0,1440406225.61,,,
461,FUNDO DE INVESTIMENTO IMOBILIÁRIO CAIXA CONVIDA SUAPE,22211522000175,CXSP11,2023-03-01,1.0,76167940.65,,,
462,ETR PROPERTIES FUNDO DE INVESTIMENTO IMOBILIÁRIO - FII,18259637000162,ETPP11,2023-03-31,8.0,26273819.83,,,
463,FII JIVE,17198404000134,,2021-12-31,1.0,7704.69,,,
464,FUNDO DE INVESTIMENTO IMOBILIÁRIO HUMAITÁ - FII,17035124000105,,2023-03-31,1.0,584128.67,,,
465,FUNDO DE INVESTIMENTO IMOBILIÁRIO GRE PREMIUM PROPERTIES,17489157000125,,2016-11-01,19.0,5424660.14,,,
466,FII HIERON BERLIM,20265467000170,VTBL11,2023-03-31,50.0,34695368.13,,,
467,FUNDO DE INVESTIMENTO IMOBILIÁRIO VOTORANTIM MASTER,23177717000109,VMMT11,2017-06-01,2.0,201457591.83,,,
468,TERRA - FUNDO DE INVESTIMENTO IMOBILIÁRIO,13320290000100,,2023-03-01,1.0,181042646.5,,,
469,VOTORANTIM CARDIO PULMONAR FUNDO DE INVE,14786587000110,,2019-04-01,6.0,163327567.79,,,
470,FUNDO DE INVESTIMENTO IMOBILIÁRIO VOTORANTIM LCI BANKS,19805989000139,FBKS11,2018-07-01,2.0,193812143.2,,,
471,FUNDO DE INVESTIMENTO IMOBILIÁRIO LECREC,23120098000116,LECR11,2023-03-31,50.0,563467194.79,,,
472,PARKING PARTNERS FUNDO DE INVESTIMENTO IMOBILIÁRIO - FII,21500514000186,VTVI11,2023-03-31,1.0,64187857.23,,,
473,FUNDO DE INVESTIMENTO IMOBILIÁRIO VOTORANTIM PATRIMONIAL XII,23740552000131,VTXI11,2023-03-31,2.0,1153391.84,,,
474,FUNDO DE INVESTIMENTO IMOBILIÁRIO GEO GUARARAPES,01964775000140,GEOG11,2023-03-01,6.0,1231181.51,,,
475,FUNDO DE INVESTIMENTO IMOBILIÁRIO VOTORANTIM QUATRO BARRAS,23740575000146,VQTR11,2018-07-01,4.0,51106972.31,,,
476,FII FL 3.500 I - FII,19239245000102,FFLI11,2023-03-31,1.0,1224224434.54,,,
477,VANQUISH FUNDO DE INVESTIMENTO IMOBILIÁRO - FII,17655122000119,,2023-03-31,1.0,162281119.37,,,
478,FUNDO DE INVESTIMENTO IMOBILIÁRIO JHSF CATARINA CORPORATE,14609653000187,JCAT11,2023-03-31,26.0,56115518.8,,,
479,FUNDO DE INVESTIMENTO IMOBILIARIO JHSF CATARINA CORPORATE BE,17211882000137,JHCT11,2022-08-31,3.0,12441552.94,,,
480,OURO PRETO TRADE INVEST RENDA IMOBILIÁRIA I FUNDO DE INVESTI,19390726000106,,2018-07-01,1.0,9680.47,,,
481,EXITUS FUNDO DE INVESTIMENTO IMOBILIARIO - FII,12358507000109,EXTU11,2023-03-31,56.0,945164852.87,,,
482,FUNDO DE INVESTIMENTO IMOBILIARIO - FII ESMERALDA,14788476000143,,2017-12-01,1.0,197457.84,,,
483,FUNDO DE INVESTIMENTO IMOBILIÁRIO POLO ESTOQUE II - FII,18497672000110,,2023-03-01,5.0,4092289.4,,,
484,REAL MINAS FUNDO DE INVESTIMENTO IMOBILIÁRIO - FII,11233841000165,,2023-03-01,1.0,358975533.48,,,
485,TAURUS PATRIMONIUM FUNDO DE INVESTIMENTO IMOBILIÁRIO - FII,11701400000140,,2021-10-01,7.0,24889913.14,,,
486,CIBRASEC CRÉDITO IMOBILIÁRIO - FII,13464208000103,,2022-01-01,69.0,294099.39,,,
487,LA DEFENSE FUNDO DE INVESTIMENTO IMOBILIÁRIO - FII,19249956000150,ICTU11,2023-03-01,53.0,14698496.06,,,
488,ESTRUTURA II FUNDO DE INVESTIMENTO IMOBILIARIO - FII,14365190000155,SRII11,2023-03-01,1.0,181518757.87,,,
489,IZAR FUNDO DE INVESTIMENTO IMOBILIÁRIO - FII,22646161000190,,2023-03-01,5.0,277912477.66,,,
490,FUNDO DE INVESTIMENTO IMOBILIÁRIO POLO ESTOQUE - FII,14665312000129,,2020-05-01,5.0,7736555.21,,,
491,FUNDO DE INVESTIMENTO IMOBILIÁRIO RB LOGÍSTICA,03855441000163,,2023-03-01,2.0,74052990.46,,,
492,FII NORTHWEST,23781211000104,,2023-03-31,1.0,2284566814.3,,,
493,FUNDO DE INVESTIMENTO IMOBILILIÁRIO BR HOTÉIS,15461076000191,BRHT11,2023-03-01,11.0,141782155.64,,,
494,FUNDO DE INVESTIMENTO IMOBILIÁRIO FCM,08417532000130,,2023-03-01,2.0,336522371.46,,,
495,LAGRA FUNDO DE INVESTIMENTO IMOBILIARIO,01356517000180,,2023-03-01,6.0,164887611.37,,,
496,SALUS I FUNDO DE INVESTIMENTO IMOBILIÁRIO - FII,13012312000167,,2023-03-31,1.0,90495.74,,,
497,SALUS II FUNDO DE INVESTIMENTO IMOBILIÁRIO - FII,17331883000115,,2023-03-31,1.0,101479777.16,,,
498,FUNDO DE INVESTIMENTO IMOBILIÁRIO HERMES,00868235000108,HERM11,2023-03-01,7.0,108528556.53,,,
499,FUNDO FORTALEZA DE INVESTIMENTO IMOBILIÁRIO,01601918000159,FTLZ11,2023-03-01,1.0,72275496.52,,,
500,LOGINVEST FUNDO DE INVESTIMENTO IMOBILIÁRIO INDUSTRIAL,02508235000114,LGVT11,2023-03-01,5.0,118184435.31,,,
501,FII GOLDEN WEST,26191053000120,00DX11,2023-03-31,1.0,52119423.52,,,
502,JPP FII,11268335000101,JPPD11,2023-03-31,1.0,183533291.36,,,
503,PETROS FUNDO DE INVESTIMENTO IMOBILIARIO FII,18330535000196,RBCA11,2023-03-31,1.0,222005798.16,,,
504,FUNDO DE INVESTIMENTO IMOBILIÁRIO VOTORANTIM PATRIMONIAL V,21500481000174,VTPA11,2023-03-31,1.0,65508486.05,,,
505,FII CAIXA INCORPORAÇÃO,12969125000103,INCP11,2023-03-31,1.0,240268770.57,,,
506,FII BTG PACTUAL MALLS,12324242000110,,,,,,,
507,FII BTG PACTUAL SHOPPINGS,17232973000159,,,,,,,
508,FII GALWAN UP ASSET - HOTEIS PEPE,22621495000109,,,,,,,
509,FII VENTURA II A,12093377000111,VTUD11,,,,,,
510,FII CJ,23582914000103,CJFI11,2023-03-31,1.0,137078775.67,,,
511,TC JVF FUNDO DE INVESTIMENTOS IMOBILIARIOS – FII,22104821000100,,2021-03-31,1.0,5339177.77,,,
512,REAG RIACHO  IMOBILIARIO - FII,18836451000129,,2020-10-01,3.0,22780619.2,,,
513,CEDRO PROPERTIES FII,20118507000151,,2023-03-31,1.0,74991137.59,,,
514,PESCARA FUNDO DE INVESTIMENTO IMOBILIÁRIO - FII,17655102000148,,2023-03-01,1.0,73074216.13,,,
515,VGS FUNDO DE INVESTIMENTO IMOBILIÁRIO - FII,19267845000176,DUTR11,2023-03-01,1.0,114913682.09,,,
516,YAGO FUNDO DE INVESTIMENTO IMOBILIÁRIO,18265829000181,,2017-08-01,1.0,19295.44,,,
517,GOODMAN PATRIMONIAL I FUNDO DE INVESTIMENTO IMOBILIÁRIO,18929051000168,,2020-07-31,1.0,4912992.49,,,
518,TARANTO FUNDO DE INVESTIMENTO IMOBILIÁRIO,18874954000199,,,,,,,
519,FUNDO DE INVESTIMENTO IMOBILIARIO JK D - FII,23533796000143,,2023-03-31,2.0,388107803.35,,,
520,QUORUM HASTA FUNDO DE INVESTIMENTO IMOBILIÁRIO - FII,18570740000129,HAST11,2020-09-30,12.0,4000948.8,,,
521,FUNDO DE INVESTIMENTO IMOBILIARIO JK E - FII,23532837000187,,2023-03-31,2.0,522836460.59,,,
522,FII MV9,23537203000117,MVFI11,2023-03-31,1.0,118040879.48,,,
523,FUNDO DE INVESTIMENTO IMOBILIARIO SF - FII,23538112000104,,2023-03-31,1.0,31979553.41,,,
524,LA SHOPPING II CENTERS FUNDO DE INVESTIEMNTO IMOBILIARIO,20717355000103,RFII11,2023-03-01,1.0,55805915.43,,,
525,FUNDO DE INVESTIMENTO IMOBILIARIO TM - FII,23570871000146,,2023-03-31,1.0,446954377.94,,,
526,PSG FUNDO DE INVESTIMENTO IMOBILIÁRIO,13125823000195,,2023-03-01,1.0,1030797.41,,,
527,5R RB CAPITAL SHOPPING CENTERS 2 FII,21398200000114,,2022-11-01,9.0,408869748.22,,,
528,CIDADE - FUNDO DE INVESTIMENTO IMOBILIÁRIO - FII,18874965000179,****11,2023-03-31,53.0,183512330.05,,,
529,BRL EDIFÍCIOS COMERCIAIS FUNDO DE INVESTIMENTO IMOBILIÁRIO,18929353000136,,2023-03-01,3.0,34523384.69,,,
530,CAIXA FUNDO DE INVESTIMENTO IMOBILIARIO VLT - FII,15254249000109,VLTV11,2023-03-01,2.0,72509998.07,,,
531,BRL LAJES CORPORATIVA FUNDO DE INVESTIMENTO IMOBILIÁRIO,19026454000160,,2023-03-01,1.0,156575617.7,,,
532,TAG ALIANZA BTS FUNDO DE INVESTIMENTO IMOBILIÁRIO,18579302000121,,2019-06-28,7.0,43729471.95,,,
533,SAFIRA FUNDO DE INVESTIMENTO IMOBILIÁRIO,17655115000117,,2023-03-01,2.0,241710902.65,,,
534,TC ALMAVI FII,22103617000175,028K11,2023-03-31,3.0,3762748.74,,,
535,IPS PB FUNDO DE INVESTIMENTO IMOBILIÁRIO,21917235000112,,2023-03-01,1.0,269046284.44,,,
536,SANTO EMILIANO FUNDO DE INVESTIMENTO IMOBILIÁRIO,22684264000144,,2018-04-30,1.0,64575754.78,,,
537,PRIME 16 -FUNDO DE INVESTIMENTO IMOBILIÁRIO,23964908000110,00KG11,2023-03-31,1.0,110105592.32,,,
538,FII XPCE RE,24853060000115,XPCE11,2023-03-31,2.0,18768239.42,,,
539,FUNDO DE INVESTIMENTO IMOBILIÁRIO CONTAGEM BTS - FII,23120006000106,,2023-03-31,28.0,42114285.29,,,
540,FII AMETISTA,14788458000161,AMSA11,2022-09-30,1.0,2278581.43,,,
541,FII PROPERTY INVEST,09276964000131,PRPY11,2023-03-01,1.0,363155659.03,,,
542,FII RODOBENS,07352632000163,RDBS11,2019-09-30,1.0,17537614.07,,,
543,PRIME P FII,10427246000106,PMEP11,2023-03-31,1.0,526743064.92,,,
544,FII MEILI,20787427000199,FMLI11,2022-05-31,1.0,10010647.59,,,
545,ATRIUM FII,12401858000147,ATRN11,2023-03-31,1.0,211322431.11,,,
546,SABIÁ FUNDO DE INVESTIMENTO IMOBILIÁRIO - FII,12323955000169,FSBI11,2023-03-01,1.0,58929308.48,,,
547,FII PREMIER REALTY,08610522000117,PRMR11,2017-11-01,1.0,3306.78,,,
548,FII MIKEONE,20003001000105,MKEN11,2021-04-30,1.0,6251585.64,,,
549,FII ESTOQUE RESIDENCIAL,22888670000129,ESQR11,2018-10-31,1.0,1044691.35,,,
550,FII BRPR68 DESENVOLVIMENTO II,12323987000164,FIID11,2018-12-31,1.0,5818934.91,,,
551,BRISA RENDA IMOB FII,20680775000162,BRRI11,2023-03-31,1.0,1805199086.71,,,
552,TAG GR IV FUNDO DE INVESTIMENTO IMOBILIÁRIO,11326746000106,,2023-03-01,1.0,353730356.95,,,
553,SUCCESS - FUNDO DE INVESTIMENTO IMOBILIÁRIO,15348117000138,,2023-03-01,3.0,59322922.72,,,
554,FUNDO DE INVESTIMENTO IMOBILIÁRIO HANNOVER  FII,22307030000188,,,,,,,
555,OAR - FUNDO DE INVESTIMENTO IMOBILIÁRIO,12811222000173,,2023-03-01,1.0,43404875.72,,,
556,TREVISO FUNDO DE INVESTIMENTO IMOBILIÁRI,13703596000138,TREV11,2023-03-31,1.0,2005552.02,,,
557,ARENA FUNDO DE INVESTIMENTO IMOBILIÁRIO,14149745000121,,2023-03-01,2.0,761077365.51,,,
558,AQ3 RENDA FUNDO DE INVESTIMENTO IMOBILIÁRIO,14069202000102,ARFI11,2022-06-01,28.0,74329618.05,,,
559,AQUILLA FUNDO DE INVESTIMENTO IMOBILIÁRIO,13555918000149,AQLL11,2023-03-01,56.0,144111392.5,,,
560,BRAZIL REALTY FUNDO DE INVESTIMENTO FII,14074706000102,BZLI11,2023-03-01,18.0,448330841.12,,,
561,FIRENZE FUNDO DE INVESTIMENTO IMOBILIARIO,14074721000150,,2021-12-31,2.0,45305378.66,,,
562,CIX CAPITAL FUNDO DE INVESTIMENTO IMOBILIÁRIO,26132504000159,,2017-11-01,27.0,7768032.76,,,
563,PLATINUM FUNDO DE INVESTIMENTO IMOBILIÁRIO,20118492000121,,2023-03-01,53.0,409440797.02,,,
564,ALZ I FUNDO DE INVESTIMENTO IMOBILIARIO,23381427000182,,2018-02-28,3.0,6601639.86,,,
565,TC EMPRO FUNDO DE INVESTIMENTO IMOBILIÁRIO,22044621000100,045B11,2020-09-30,1.0,14342607.45,,,
566,FII TRIPLE A ORDINARIA,23426470000117,,2023-03-31,2.0,340940503.84,,,
567,CLARITAS LOGÍSTICA I - FI IMOBILIÁRIO,97521194000102,CLOG11,2022-12-30,41.0,11067177.27,,,
568,CIDADE NOVA FUNDO DE INVESTIMENTO IMOBILIÁRIO - FII,15862591000183,,2020-10-30,1.0,155097461.4,,,
569,FUNDO DE INVESTIMENTO IMOBILIARIO INHAUMA,15463207000170,,2023-03-01,2.0,191445157.37,,,
570,GOLDEN FII,17282011000104,GLDN11,2023-03-31,1.0,314394379.48,,,
571,BPGB-001 FUNDO DE INVESTIMENTO IMOBILIÁRIO,21044600000121,BPG111,2023-03-31,1.0,550106872.71,,,
572,VRE DESENVOLVIMENTO III FUNDO DE INVESTIMENTO IMOBILIÁRIO,21826249000120,FVRE11,2023-03-01,151.0,36391255.66,,,
573,DIAMANTE FUNDO DE INVESTIMENTO IMOBILIÁRIO,26642727000166,DAMT11B,2023-03-31,577.0,96430158.5,2023-04-27,14.8,232.0
574,VISTA REAL ESTATE FUNDO DE INVESTIMENTO IMOBILIÁRIO,16924913000134,VREF11,2023-03-31,56.0,9117015.37,,,
575,PACALU FUNDO DE INVESTIMENTO IMOBILIÁRIO,14465810000128,,2021-01-29,2.0,113418851.97,,,
576,6,13000836000138,,2023-03-31,29.0,93974024.54,,,
577,BIRD FII - FII,18289950000143,BRDF11,2023-03-31,1.0,69731838.16,,,
578,FII CAIXA DESENVOLVIMENTO IMOBILIARIO,13020465000156,CXDS11,2021-11-30,1.0,7535414.66,,,
579,BRL VI FUNDO DE INVESTIMENTO IMOBILIÁRIO,26545627000111,,2023-03-01,1.0,84596567.71,,,
580,STATERA FUNDO DE INVESTIMENTO IMOBILIÁRIO,27293656000104,,2018-03-01,4.0,8213295.9,,,
581,WHITE BEAR FUNDO DE INVESTIMENTO IMOBILIÁRIO - FII,26269251000160,WTBR11,2023-03-01,2.0,24364266.18,,,
582,CASPER FUNDO DE INVESTIMENTO IMOBILIÁRIO - FII,20118470000161,,2023-03-01,2.0,367704322.24,,,
583,FUNDO DE INVESTIMENTO IMOBILIÁRIO MILLENIUM,27602955000175,,2023-03-01,5.0,11349019.44,,,
584,OLAVSEN FUNDO DE INVESTIMENTO IMOBILIÁRIO,27293689000146,,2022-12-01,12.0,9068599.0,,,
585,FUNDO DE INVESTIMENTO IMOBILIARIO FRATRES II,27782823000172,RTRS11,2017-11-30,1.0,36366412.31,,,
586,VALORA RE I FUNDO DE INVESTIMENTO IMOBILIÁRIO - FII,28090655000117,VLOR11,2021-11-01,101.0,117238.25,,,
587,EQUIINFINITY FUNDO DE INVESTIMENTO IMOBILIÁRIO - FII,26452064000117,,2018-02-01,0.0,1.0,,,
588,BRAZIL PROPERTIES INVEST FUNDO DE INVESTIMENTO IMOBILIÁRIO,22081808000183,00MM11,2023-03-31,1.0,58899576.07,,,
589,GGR ESTRATÉGIA FUNDO DE INVESTIMENTO IMOBILIÁRIO,24069712000125,,2017-10-31,5.0,8840737.05,,,
590,FII CATUAI,26502761000135,003K11,2021-09-30,1.0,7402520.89,,,
591,XPCE RE FII 2 - FUNDO DE INVESTIMENTO IM,26502810000130,01MF11,2023-03-31,2.0,24025889.66,,,
592,PRIME OFFICES I FII,18312285000161,,2023-03-31,4.0,475492229.44,,,
593,SABUGAL FUNDO DE INVESTIMENTO IMOBILIARIO,28267530000110,,2023-03-01,1.0,7609403.22,,,
594,FDL FUNDO DE INVESTIMENTO IMOBILIÁRIO -FII,22016625000184,,2020-10-01,1.0,57427507.74,,,
595,TMJ FUNDO DE INVESTIMENTO IMOBILIÁRIO,27212823000137,,2019-05-01,3.0,4485236.4,,,
596,SICOOB AGÊNCIAS FUNDO DE INVESTIMENTO IMOBILIÁRIO,28216384000101,SCOO11,2023-03-31,1.0,33407943.42,,,
597,FUNDO DE INVESTIMENTO IMOBILIARIO SHARE STUDENT LIVING,27538460000124,,2019-05-01,1.0,22207542.31,,,
598,AB CAPITAL II FUNDO DE INVESTIMENTO IMOBILIÁRIO,19959754000100,,2023-03-01,1.0,35697592.58,,,
599,NF CAPITAL II FUNDO DE INVESTIMENTO IMOBILIÁRIO,17786606000105,,2023-03-01,1.0,52783107.47,,,
600,AB CAPITAL FUNDO DE INVESTIMENTO IMOBILIÁRIO,19213231000101,,2023-03-01,1.0,58539596.15,,,
601,CIX OPORTUNIDADE FUNDO DE INVESTIMENTO IMOBILIARIO,27538335000114,,2018-08-01,19.0,3609627.96,,,
602,SAFIRA AZUL FII,26812865000146,SAAZ11,2018-02-28,1.0,1412.03,,,
603,NF CAPITAL FUNDO DE INVESTIMENTO IMOBILIÁRIO,24774904000132,,2023-03-01,1.0,33963348.71,,,
604,ITACOATIARA FUNDO DE INVESTIMENTO IMOBILIÁRIO,10410463000185,,2021-11-30,1.0,58857915.95,,,
605,FUNDO DE INVESTIMENTO IMOBILIÁRIO SOFI,16802360000147,,2023-03-31,10.0,11345364.85,,,
606,FGRP FUNDO DE INVESTIMENTO IMOBILIÁRIO,20990694000169,,2023-03-31,7.0,175773236.73,,,
607,FII GV BLUE CHIP,30578275000178,FIGV11,2023-03-31,1.0,16813314.45,,,
608,TOP CENTER II FII,29018899000151,,2023-03-31,1.0,66238744.18,,,
609,TS PART FUNDO DE INVESTIMENTO IMOBILIÁRIO - FII,21642282000109,,2019-07-01,1.0,117299220.29,,,
610,GAZIT MALLS FII,15447108000102,ISSH11,2023-03-31,1.0,1825318807.23,,,
611,FUNDO DE INVESTIMENTO IMOB. QUINTAS,27368617000110,QNTS11,2023-03-31,7.0,43635678.22,,,
612,DAJ FII,10841506000187,,,,,,,
613,FUNDO DE INVESTIMENTO IMOBILIÁRIO FUTURO,26846280000147,,2023-02-28,1.0,6124345.56,,,
614,GOLDX FUNDO DE INVESTIMENTO IMOBILIÁRIO - FII,15624288000142,GLDX11,2018-07-01,53.0,239505696.83,,,
615,FUNDO DE INVESTIMENTO IMOBILIÁRIO COLATERAL,27368863000172,,2023-03-31,1.0,42111086.86,,,
616,ZAHAV FUNDO DE INVESTIMENTOS - FII,28266953000115,,2019-01-01,2.0,9136664.47,,,
617,VIRACONDO - FII,26452179000101,,2019-07-01,7.0,64719070.5,,,
618,FRAM CAPITAL VI FUNDO DE INVESTIMENTO IMOBILIÁRIO,27771568000162,,2019-12-01,1.0,965196.35,,,
619,GRUPO RCFA FUNDO DE INVESTIMENTO IMOBILIARIO,27771586000144,RCFA11,2023-03-01,278.0,10192787.09,,,
620,FL SHOPPING,28065397000119,,2019-05-01,3.0,55301762.63,,,
621,FII JIVE II,26642834000194,,2023-03-31,1.0,108725023.35,,,
622,BPG LOGÍSTICA I FUNDO DE INVESTIMENTO IMOBILIÁRIO,21067825000101,,2023-03-31,1.0,266585615.16,,,
623,FII BRASIL LAND,26846134000111,01M911,2023-03-31,1.0,1442514.37,,,
624,ENCONTRO DAS ÁGUAS II  – FUNDO DE INVESTIMENTO IMOBILIÁRIO,30248129000184,01MB11,2023-03-01,1.0,157956718.1,,,
625,BFC FUNDO DE INVESTIMENTO IMOBILIÁRIO,31145875000105,,2023-03-31,1.0,424115544.6,,,
626,EBT FUNDO DE INVESTIMENTO IMOBILIÁRIO,21085863000189,,2023-03-31,1.0,394441971.64,,,
627,TA FUNDO DE INVESTIMENTO IMOBILIÁRIO,21085472000164,,2023-01-31,1.0,5228118.27,,,
628,SÃO JORGE FUNDO DE INVESTIMENTO IMOBILIARIO,31373514000116,,2023-03-01,8.0,10785657.99,,,
629,GREEN ROCK FUNDO DE INVESTIMENTO IMOBILIÁRIO,30871716000125,,2023-03-01,1.0,117490008.16,,,
630,ELEV BRÁS FUNDO DE INVESTIMENTO IMOBILIARIO,31524769000132,,2023-03-01,28.0,162791825.51,,,
631,FII 4KIDS,20019120000148,00GE11,2023-03-31,1.0,502691147.72,,,
632,JACARANDA I FII,31772231000147,,2023-03-01,50.0,150538561.08,,,
633,HARMONIA FUNDO INVESTIMENTO IMOBILIARIO,27538477000181,00RK11,2023-03-31,1.0,33687534.01,,,
634,AGRI8 - FUNDO DE INVESTIMENTO IMOBILIÁRIO,31547782000107,,2023-03-01,1.0,95873898.99,,,
635,VBI ULIVING FUNDO DE INVESTIMENTO IMOBILIÁRIO,30871660000109,,2023-03-01,1.0,354070269.63,,,
636,FUNDO DE INVESTIMENTO IMOBILIARIO MIRANTE DAS AGUAS,31544514000131,,2023-03-01,3.0,61760904.46,,,
637,FII VITACON,30982923000157,016K11,2023-03-31,1.0,33913361.36,,,
638,VAM FUNDO DE INVESTIMENTO IMOBILIÁRIO,32186230000183,,2020-05-29,3.0,11765515.53,,,
639,MPM FII,27539729000197,,2023-03-01,1.0,15469756.95,,,
640,BACURI FUNDO DE INVESTIMENTO IMOBILIÁRIO,30642032000151,01JV11,2023-03-01,1.0,82617987.64,,,
641,OPORTUNIDADE I FUNDO DE INVESTIMENTO IMOBILIARIO,22503991000168,,2023-03-01,2.0,8849634.92,,,
642,VX XII FUNDO DE INVESTIMENTO IMOBILIÁRIO,30578351000145,01MD11,2023-03-31,1.0,90808136.22,,,
643,FUNDO DE INVESTIMENTO IMOBILIÁRIO JAPURÁ,34509007000155,045811,2023-03-01,1.0,66442168.44,,,
644,FUNDO DE INV. IMOBILIÁRIO NOVA IGUAÇÚ - FII,30091506000114,,2023-03-31,1.0,229513138.67,,,
645,PRAZO FUNDO DE INVESTIMENTO IMOBILIÁRIO,30258790000170,01W411,2023-03-31,20.0,103881137.28,,,
646,FII M8 MULTIESTRATEG,32667306000192,,2023-03-31,2.0,31922804.5,,,
647,METROPOLITANO - FUNDO DE INVESTIMENTO IMOBILIÁRIO - FII,30846692000154,,2023-03-01,1.0,129047269.77,,,
648,AIRPORT TOWN FUNDO DE INVESTIMENTO IMOBILIÁRIO - FII,27773327000152,,2023-03-01,2.0,95013505.95,,,
649,IRON CAPITAL REAL ESTATE I-FUNDO DE INVESTIMENTO IMOBILIÁRIO,24976492000113,,2023-03-01,8.0,550798458.67,,,
650,PORTO PREMIUM FUNDO DE INVESTIMENTO IMOBILIARIO,31524789000103,,2023-03-01,17.0,335894953.78,,,
651,FUNDO DE INVESTIMENTO IMOBILIARIOS HIRE PROPERTIES,28899178000135,027I11,2023-03-01,40.0,108420560.11,,,
652,YORK - FUNDO DE INVESTIMENTO IMOBILIARIO,33842871000101,028U11,2023-03-01,3.0,208136841.81,,,
653,SÃO MIGUEL DOS MILAGRES FUNDO DE INVESTIMENTO IMOBILIARIO,33884197000128,,2023-03-31,1.0,24772164.3,,,
654,TERRARI FUNDO DE INVESTIMENTO IMOBILIÁRIO,15867036000144,,2019-11-01,1.0,2312.26,,,
655,MB FUNDO DE INVESTIMENTO IMOBILIÁRIO,11425077000120,,2023-03-01,1.0,56321147.6,,,
656,TOLLOG FUNDO DE INVESTIMENTO IMOBILIARIO - FII,31713990000139,,2021-10-01,1.0,87886124.01,,,
657,BRESCO GROWTH FUNDO DE INVESTIMENTO IMOBILIÁRIO,32000013000157,,2023-03-01,11.0,1146179004.93,,,
658,ALIANZA REAL ESTATE II- FII,22169716000150,,2023-03-01,44.0,52225234.32,,,
659,RBR DESENVOLVIMENTO COMERCIAL I - FII,34736474000118,,2023-03-01,112.0,231888444.77,,,
660,SNOWBIRD MASTER FII,32274197000143,,2023-03-31,3.0,364458044.3,,,
661,FUNDO DE INVESTIMENTO IMOBILIÁRIO ANTILHAS,26452053000137,,2023-03-01,1.0,247336531.93,,,
662,SNOWBIRD PARALLEL FII,32274553000129,,2023-03-31,4.0,299880792.93,,,
663,G5 CIDADE NOVA FUNDO DE INVESTIMENTO IMOBILIÁRIO,34197700000130,TCIN11,2023-03-31,126.0,104718680.97,,,
664,HAMAL - FUNDO DE INVESTIMENTO IMOBILIARIO - FII,21156164000182,,2023-03-01,1.0,728282862.22,,,
665,BRIX FUNDO DE INVESTIMENTO IMOBILIÁRIO,35360651000177,,2023-03-01,54.0,62953480.59,,,
666,CIVITAS – FUNDO DE INVESTIMENTO IMOBILIÁRIO,34895711000193,,2023-03-01,3.0,17420369.34,,,
667,SBC FUNDO DE INVESTIMENTO IMOBILIÁRIO,31907591000109,,2023-03-01,30.0,103642031.88,,,
668,FUNDO DE INVESTIMENTO IMOBILIARIO F2ZZ,30178506000156,,2023-03-31,1.0,72524924.12,,,
669,PRAZO EDUCACIONAL - FUNDO DE INVESTIMENTO IMOBILIÁRIO,29242809000101,PRZO11,2023-03-31,2.0,1854604.15,,,
670,ALIANZA MULTIOFFICES - FUNDO DE INVESTIMENTO IMOBILIÁRIO,22862226000134,,2023-03-01,2.0,163486965.59,,,
671,MULTIOFFICES 2 - FUNDO DE INVESTIMENTO IMOBILIÁRIO,31508219000120,,2023-03-01,3.0,188631249.59,,,
672,KIEV FUNDO DE INVESTIMENTO IMOBILIARIO - FII,33841981000159,,2020-05-01,1.0,8814720.82,,,
673,TRANCOSO FII,29242844000120,FIIT11,2023-03-31,1.0,26095776.26,,,
674,17007 NAÇÕES FUNDO DE INVESTIMENTO IMOBILIÁRIO,19878616000198,,2023-03-31,1.0,637532930.88,,,
675,COSMOS FUNDO DE INVESTIMENTO IMOBILIÁRIO,32134257000122,,2020-12-31,1.0,20474859.68,,,
676,APOLLO CORPORATE FUNDO DE INVESTIMENTO IMOBILIÁRIO,31713934000102,,2023-03-01,1.0,36074284.28,,,
677,PLT FUNDO DE INVESTIMENTO IMOBILIÁRIO,19872996000153,,2023-03-31,1.0,141783314.62,,,
678,IBC FUNDO DE INVESTIMENTO IMOBILIÁRIO,20040197000108,,2022-08-31,1.0,1.26,,,
679,HSI LOG II FUNDO DE INVESTIMENTO IMOBILIÁRIO,32903661000113,,2023-03-01,1.0,320926648.57,,,
680,ANKARA DISTRESSED FII,35434880000199,044Z11,2022-03-31,1.0,963220.27,,,
681,AVM FII,33354650000194,FAVM11,2023-03-31,1.0,870989328.29,,,
682,FII HECTARE STUDENT HOUSING,31152015000107,,2023-03-31,73.0,47868150.29,,,
683,FII HECTARE CRI,30578239000104,,2023-02-28,1.0,10987476.98,,,
684,MINT EDUCACIONAL FII,19872887000136,MINT11,2023-03-31,68.0,70385652.19,,,
685,JACARANDA 02 FUNDO DE INVESTIMENTO IMOBILIARIO FII,35705542000144,,2023-03-01,58.0,142965740.08,,,
686,MILETO - FUNDO DE INVESTIMENTO IMOBILIÁRIO,35704849000120,,2023-03-01,2.0,77720757.22,,,
687,GOLGI FII,35765907000126,,2023-03-31,2.0,1732744344.56,,,
688,GOLDEN LOGISTICA FII,35652081000199,03SP11,2023-03-31,1.0,103132598.48,,,
689,KRONOS FUNDO DE INVESTIMENTO IMOBILIARIO,36731458000168,,2023-03-01,1.0,67849798.29,,,
690,ORCHID - FUNDO DE INVESTIMENTO IMOBILIÁRIO,15798220000180,,2023-03-01,1.0,117352220.04,,,
691,SKM FUNDO DE INVESTIMENTO IMOBILIÁRIO,21085888000182,,2022-08-31,1.0,105413132.78,,,
692,PRAZO II -  FUNDO DE INVESTIMENTO IMOBILIÁRIO,27944595000190,03NT11,2020-12-31,2.0,15068203.41,,,
693,BS APOLO FUNDO DE INVESTIMENTO IMOBILIÁRIO,36445498000143,,2021-12-31,1.0,950995.9,,,
711,FRAM CAPITAL PENHA FUNDO DE INVESTIMENTO IMOBILIÁRIO,33701455000193,,2023-03-31,9.0,39106169.13,,,
717,WHITE TIGER FUNDO DE INVESTIMENTO IMOBILIÁRIO,26091636000180,,2021-11-01,1.0,18574446.29,,,
718,FBV KEYDEV FUNDO DE INVESTIMENTO IMOBILIÁRIO,37295952000190,,2023-03-01,6.0,9225236.5,,,
720,CV HAUS - FUNDO DE INVESTIMENTO IMOBILIARIO - FII,35725666000191,,2023-03-31,3.0,46692635.69,,,
729,PANORAMA DESENVOLVIMENTO LOGÍSTICO - FII,37899400000190,,2023-03-01,55.0,73328060.99,,,
730,TRADE INVEST CARE II FUNDO DE INVESTIMENTO IMOBILIÁRIO,27539651000100,,2023-03-01,1.0,65049974.02,,,
731,RB CAPITAL PATRIMONIAL VI FUNDO DE INVESTIMENTO IMOBILIÁRIO,27580051000196,,2023-03-31,1.0,9051623.36,,,
732,FRAM CAPITAL SBCLOG FUNDO DE INVESTIMENTO IMOBILIÁRIO,34471719000122,,2023-03-31,2.0,28644364.41,,,
733,CAPITAL RS FUNDO DE INVESTIMENTO IMOBILIARIO - FII,35725659000190,,2023-03-31,1.0,38014868.39,,,
734,XP IDEA!ZARVOS FUNDO DE INVESTIMENTO IMOBILIÁRIO,37262531000162,,2023-03-01,72.0,87725075.24,,,
736,BRIO REAL ESTATE III FUNDO DE INVESTIMENTO IMOBILIÁRIO,34895752000180,BRIP11,2023-03-01,259.0,207881961.84,2023-04-27,909.0,0.0
737,BTGP RE PRIME FII,36642311000100,,2023-03-31,1.0,160776683.09,,,
738,SJ AU LOGÍSTICA FII,27771547000147,,2023-03-31,145.0,761410089.47,,,
740,ARAM SKY FUNDO DE INVESTIMENTO IMOBILIÁRIO,33554611000130,,2023-03-01,4.0,13372062.38,,,
741,MERCADO MUNICIPAL DE SP –  FII,35741868000127,,2021-06-30,1.0,81199338.07,,,
742,DALLAS - FUNDO DE INVESTIMENTO IMOBILIÁRIO,32275252000110,,2023-03-01,1.0,18288843.03,,,
743,STRUAN - FUNDO DE INVESTIMENTO IMOBILIÁRIO,36741215000100,,2023-03-01,2.0,93390077.74,,,
744,ENERGY RESORT FUNDO DE INVESTIMENTO IMOBILIÁRIO,36969658000153,,2023-03-01,25.0,93264328.02,,,
745,BARZEL CD1 FUNDO DE INVESTIMENTO IMOBILIÁRIO,35507610000160,,2023-03-01,3.0,415037772.73,,,
746,INTRABANK FUNDO DE INVESTIMENTO IMOBILIÁRIO,33701887000102,0EKV11,2023-03-31,1.0,102261474.3,,,
747,RBR DESENV IV FII,36642275000176,,2023-03-31,134.0,121956521.65,,,
748,VENUS FUNDO DE INVESTIMENTO IMOBILIÁRIO,36669535000105,,2023-03-31,1.0,8069419.73,,,
749,ABEL 33 FUNDO DE INVESTIMENTO IMOBILIÁRIO - FII,36885989000105,,2023-03-01,1.0,48598202.54,,,
750,RADOMA 16 FUNDO DE INVESTIMENTO IMOBILIÁRIO - FII,36885948000119,,2023-03-01,1.0,42817336.31,,,
751,ARC FUNDO DE INVESTIMENTO IMOBILIÁRIO III - FII,34547078000142,,2023-03-01,87.0,28588151.72,,,
753,RCH FUNDO DE INVESTIMENTO IMOBILIÁRIO,31145908000117,,2022-08-31,1.0,69171.24,,,
754,XP EXETER DESENVOLVIMENTO LOGISTICO - FII,35755044000106,,2023-03-01,1056.0,135741974.69,,,
755,FII EXTREMA,33701501000154,,2023-03-31,4.0,82295967.14,,,
756,FUNDO DE INVESTIMENTO IMOBILIARIO ECOPARQUE,31544493000154,,2023-03-01,1.0,298946544.73,,,
757,LWTC FUNDO DE INVESTIMENTO IMOBILIÁRIO,36501249000128,,2023-03-31,1.0,312909466.12,,,
758,FRAM CAPITAL TESSEN FUNDO DE INVESTIMENTO IMOBILIÁRIO,33701485000108,,2023-03-31,9.0,45515858.46,,,
759,PETTRA FUNDO DE INVESTIMENTO IMOBILIÁRIO,37931298000163,,2023-03-31,2.0,81142699.16,,,
760,LOTE M2 FUNDO IMOBILIARIO,35449574000126,,2023-03-31,2.0,61488415.1,,,
761,FII JIVE III,35819314000103,,2023-03-31,1.0,146069982.6,,,
762,BII VENTURA FUNDO DE INVESTIMENTO IMOBILIÁRIO - FII,39583723000104,,2023-03-31,2.0,26032706.83,,,
763,FII BTGP AAA CORP,38294086000185,,2023-03-31,1.0,494010056.26,,,
764,IBIZA FUNDO DE INVESTIMENTO IMOBILIÁRIO,39375158000181,,2023-03-31,1.0,35079800.4,,,
765,POMPEIA FUNDO DE INVESTIMENTO IMOBILIÁRIO,39449207000183,,2023-03-31,3.0,381485587.65,,,
766,VINCI FULWOOD DESENV LOGÍSTICO FUNDO DE INVEST IMOBILIÁRIO,36200654000106,,2023-03-01,112.0,140167874.27,,,
767,IC LOTEAMENTOS E RECEBÍVEIS FII,38498758000174,,2023-03-31,9.0,241041354.27,,,
768,PANORAMA PROPERTIES FUNDO DE INVESTIMENTO IMOBILIÁRIO,26813118000122,,2023-03-31,22.0,90647913.61,,,
769,JACARANDÁ FUNDO DE INVESTIMENTO IMOBILIÁRIO,35765889000182,,2023-03-01,1.0,82752386.02,,,
770,CAM THRONE FUNDO DE INVESTIMENTO IMOBILIÁRIO,21862783000192,,2023-03-31,3.0,2703937.65,,,
771,GLOBAL APARTAMENTOS FUNDO DE INVESTIMENTO IMOBILIARIO,40886521000102,,2023-03-01,1.0,101751761.42,,,
772,AKITA FUNDO DE INVESTIMENTO IMOBILIÁRIO,40141697000135,,2022-02-25,1.0,94506528.9,,,
773,TANTOU FUNDO DE INVESTIMENTO IMOBILIÁRIO,36420742000113,,2023-03-31,3.0,641498823.29,,,
774,DARP JIVE FUNDO DE INVEST. IMOBILIARIO,35880201000105,,2023-03-31,1.0,351600389.82,,,
775,DEVELOPMENT V1 FII,40102445000105,,2023-03-31,68.0,66608974.59,,,
776,MAUÁ CAP URBANO FII,40011234000159,,2023-03-31,2.0,42974853.85,,,
777,ALIANZA DIGITAL FII,38293862000122,,2023-03-31,1.0,50687675.7,,,
778,CAM VERA CRUZ FUNDO DE INVESTIMENTO IMOBILIÁRIO,18647268000185,,2023-03-31,2.0,17192864.73,,,
779,FUNDO DE INVEST. IMOB. HOSPITAL INVESTCOOP NACIONAL,41114606000135,,2023-03-01,10.0,116096634.69,,,
780,SUPREMO FUNDO DE INVESTIMENTO IMOBILIÁRIO,40225262000179,SPMO11,2023-03-01,6.0,208237572.91,2023-04-27,99.0,0.0
781,BRESCO COINVESTIMENTO I FUNDO DE INVESTIMENTO IMOBILIÁRIO,35755232000134,,2023-03-01,49.0,111889402.15,,,
782,PRIME REAL ESTATE FUNDO DE INVESTIMENTO IMOBILIÁRIO,32222912000102,,2023-03-31,3.0,11175171.88,,,
783,ALIANZA ITACA - FII,40011279000123,,2023-03-31,9.0,22229719.6,,,
784,FII DESENVOLVIMENTO 1 MODALMAIS,40063899000106,,2023-03-31,6.0,36532919.57,,,
785,LOFT III FUNDO DE INVESTIMENTO IMOBILIÁR,40054838000182,,2023-03-31,2.0,42641318.27,,,
786,FLAMENGO-FII,40414001000105,,2023-03-31,1.0,37360269.38,,,
787,CLC LOG - FUNDO DE INVESTIMENTO IMOBILIÁRIO,27314069000146,,2021-05-31,28.0,73046496.35,,,
788,FUNDO DE INVESTIMENTO IMOBILIÁRIO STAR,40010015000155,,2023-03-31,1.0,16417513.02,,,
789,PIEMONTE - FUNDO DE INVESTIMENTO IMOBILIÁRIO,36258924000130,,2023-03-01,2.0,885344.08,,,
790,CONTE BIANCAMANO FII,37950819000120,,2023-03-01,1.0,554275536.27,,,
791,HIRE LOG I - FUNDO DE INVESTIMENTO IMOBILIÁRIO,34867728000137,HILG11,2023-03-31,50.0,94757825.28,,,
792,FUNDO DE INVESTIMENTO IMOBILIÁRIO AMÉRICA LOGÍSTICA,31547989000181,,2023-03-01,2.0,71048763.11,,,
793,SALUS I FUNDO DE INVESTIMENTO IMOBILIÁRIO - FII,13012312 000167,,2022-09-30,1.0,81685.93,,,
794,RB CAPITAL BUILT TO SUIT I FII,39601007000102,,2023-03-31,9.0,433726.45,,,
795,APOLO FUNDO DE INVESTIMENTO IMOBILIÁRIO,27882134000130,,2023-03-31,1.0,7060021.24,,,
796,BTSP II FUNDO DE INVESTIMENTO IMOBILIARIO - FII,36930464000144,BTSI11,2023-03-31,91.0,195355402.69,,,
797,COXIM FUNDO DE INVESTIMENTO IMOBILIÁRIO,41219454000135,,2023-03-01,1.0,393950425.61,,,
798,JAFFA FUNDO DE INVESTIMENTO IMOBILIÁRIO,40067483000166,,2023-03-01,1.0,134583052.82,,,
799,RIO NEGRO FUNDO DE INVESTIMENTO IMOBILIÁRIO,41650310000139,,2023-03-01,1.0,113829336.53,,,
800,TARUMÃ FUNDO DE INVESTIMENTO IMOBILIÁRIO,41650319000140,,2023-03-01,1.0,118789651.67,,,
801,BARO - FUNDO DE INVESTIMENTO IMOBILIARIO,40189582000110,,2021-08-01,1.0,888267.93,,,
802,HEDGE PALADIN DESIGN OFFICES FUNDO DE INVESTIMENTO IMOB,35688460000139,,2023-03-01,109.0,168195964.64,,,
803,PROFESSIONAL PROPERTIES – FI IMOBILIÁRIO,40346049000115,,2023-03-01,1.0,280430529.35,,,
804,R CAP 1810 FUNDO DE FUNDOS - FUNDO DE INVEST IMOBILIÁRIO,36814809000102,,2023-03-01,6.0,291066354.07,,,
805,BRASIS FUNDO DE INVESTIMENTO IMOBILIÁRIO,41833876000104,,2023-03-01,1.0,20092114.9,,,
806,POSITIVO III FUNDO DE INVESTIMENTO IMOBILIÁRIO - FII,36312025000178,,2023-03-01,1.0,65369936.61,,,
807,TELLUS DESENVOLVIMENTO LOGÍSTICO FUNDO DE INV. IMOBILIÁRIO,36200701000111,,2023-03-01,2.0,49039045.58,,,
808,INCENTIVO FUNDO DE INVESTIMENTO IMOBILIÁRIO-FII,11827568000105,,2023-03-31,1.0,44652076.3,,,
809,COSMIC FUNDO DE INVESTIMENTO IMOBILIÁRIO,41081336000103,,2023-03-01,1.0,544773166.13,,,
810,BARZEL BLP FUNDO DE INVESTIMENTO IMOBILIARIO,41978168000153,,2023-03-01,3.0,292137015.9,,,
811,VBI RENDA PREFERENCIAL FII,41978140000116,,2023-03-01,2.0,102595091.36,,,
812,BS2 ALLINVESTMENTS FUNDO DE INVESTIMENTO IMOBILIÁRIO,41218404000133,,2023-03-31,78.0,36620840.88,,,
813,FIID3 FUNDO DE INVESTIMENTO IMOBILIARIO,41307325000107,,2021-12-31,3.0,183698.82,,,
814,INSTANT RENDA URBANA FUNDO DE INVESTIMENTO IMOBILIÁRIO,42031201000104,,2023-03-01,7.0,89304063.16,,,
815,FII HIRE RESIDENCIAL I - FUNDO DE INVESTIMENTO IMOBILIÁRIO,42869853000104,,2023-03-01,122.0,44752798.29,,,
816,JACARANDÁ 03 FUNDO DE INVESTIMENTO IMOBILIÁRIO - FII,42869879000152,,2023-03-01,49.0,80619867.47,,,
817,FII IRON CAPITAL FUNDO DE FUNDOS,41199986000158,,2022-06-30,1.0,5064881.21,,,
818,STARK FUNDO DE INVESTIMENTO IMOBILIÁRIO-FII,04644612000178,,2023-03-31,1.0,17123412.54,,,
819,PRIME HOTELS FDO INVEST IMOBILIARIO,43564551000190,,2023-03-31,2.0,23029358.66,,,
820,KINEA LOG DESENVOLVIMENTO FUNDO DE INVESTIMENTO IMOBILIÁRIO,42479609000135,,2023-03-01,1.0,65367781.84,,,
821,PRIMEOFFICES III FII,42537492000107,,2023-03-31,1.0,64660756.82,,,
822,SOLARA FUNDO DE INVESTIMENTO IMOBILIÁRIO,16974924000129,,2022-04-01,2.0,21244.47,,,
823,BARZEL CEA FUNDO DE INVESTIMENTO IMOBILIÁRIO,43619218000131,,2023-03-31,3.0,360925240.7,,,
824,OPPORTUNITY BALASSIANO FUNDO DE INVESTIMENTO IMOBILIÁRIO,42273290000197,,2023-03-01,30.0,88224866.53,,,
825,CONTE ROSSO FUNDO DE INVESTIMENTO IMOBILIÁRIO,41394946000167,,2023-03-01,1.0,21220552.46,,,
826,FIJ I FII,43164696000102,,2021-11-30,1.0,166595.6,,,
827,FUNDO DE INVESTIMENTO IMOBILIÁRIO – BRICK 80,42537540000159,,2023-03-31,1.0,75702481.68,,,
828,CMX REALTY III FUNDO DE INVESTIMENTO IMOBILIARIO,32287811000101,,2023-03-31,1.0,24316949.23,,,
829,PLATINIUM XXI FUNDO DE INVESTIMENTO IMOBILIÁRIO,35940506000165,,2023-03-31,1.0,984238.05,,,
830,FRAM CAPITAL HELMER FUNDO DE INVESTIMENTO IMOBILIÁRIO,40944707000170,,2023-03-31,54.0,64736636.42,,,
831,JK 1455 FUNDO DE INVESTIMENTO IMOBILIÁRIO,43867361000142,,2023-03-31,1.0,170788461.35,,,
832,FL SQUARE FUNDO DE INVESTIMENTO IMOBILIÁRIO,43951785000190,,2023-03-31,1.0,271344500.44,,,
833,MS FUNDO DE INVESTIMENTO IMOBILIÁRIO,43867799000120,,2023-03-31,1.0,352157671.23,,,
834,FLFC FUNDO DE INVESTIMENTO IMOBILIÁRIO,43951941000113,,2023-03-31,1.0,472039639.09,,,
835,BRC II FUNDO DE INVESTIMENTO IMOBILIÁRIO,43862625000175,,2023-03-01,22.0,11939652.58,,,
836,FUNDO DE INVESTIMENTO IMOBILIARIO DIMAS,41778399000113,,2022-03-31,2.0,33096.58,,,
837,XP EXETER II DESENVOLVIMENTO LOGISTICO FII,42463823000101,,2023-03-01,1624.0,95938007.46,,,
838,NORTE FII,42537511000197,,2022-01-31,1.0,15785.65,,,
839,KOMBI AZUL FUNDO DE INVESTIMENTO IMOBILIÁRIO,43740825000155,,2023-03-01,1.0,7631476.41,,,
840,FII TISHMAN,41219028000100,,2023-03-31,1.0,99075726.0,,,
841,FORGREEN FUNDO DE INVESTIMENTO IMOBILIÁRIO,41776356000107,,2021-12-01,1.0,28000.82,,,
842,ANGOSTURA FUNDO DE INVESTIMENTO IMOBILIÁRIO,40837664000124,,2023-03-01,1.0,10057274.54,,,
843,BARRA FUNDO DE INVESTIMENTO IMOBILIARIO,44302072000169,,2023-03-31,1.0,8115406.38,,,
844,FII MEZANINO ESTRUTURADO,36673421000120,,2023-03-31,1.0,6729690.1,,,
845,MARESIAS OPORTUNIDADES IMOBILIARIAS FII,41251337000159,,2023-03-31,16.0,73759259.83,,,
846,TESOURARIA FUNDO DE INVESTIMENTO IMOBILIÁRIO,42537661000109,,2022-12-30,1.0,10612778.93,,,
847,FII JIVE PROPERTIES III,44395062000115,,2023-03-31,1.0,93360679.82,,,
848,BLUECAP DESENVOLVIMENTO LOGÍSTICO FII,40054913000105,,2023-03-31,12.0,33498236.56,,,
849,FII ROOFTOP II,41199975000178,0AQ911,2023-03-31,1.0,35544958.53,,,
850,SPECIALE RE FII,42537601000188,,2023-03-31,130.0,17633617.39,,,
851,CENU FUNDO DE INVESTIMENTO IMOBILIARIO,37899356000119,,2023-03-01,10.0,107020517.44,,,
852,GRANBRAVA FUNDO DE INVESTIMENTO IMOBILIARIO,43619174000140,,2023-03-01,1.0,11460618.65,,,
853,BRM FUNDO DE INVESTIMENTO IMOBILIARIO,44107380000133,,2023-03-31,31.0,15557380.61,,,
854,BWP DIASE LOGÍSTICA FUNDO DE INVESTIMENTO IMOBILIARIO,41969501000168,,2023-03-31,1.0,23278227.76,,,
855,MIRANTE REALTY RECEBIVEIS IMOBILIARIOS FII,41251371000123,,2023-03-31,2.0,40027813.6,,,
856,PORTINARI - FUNDO DE INVESTIMENTO IMOBILIARIO,42408956000177,,2023-03-01,2.0,317241765.14,,,
857,PANORAMA LAST MILE SBC FII,40887170000154,,2023-03-01,51.0,696817.12,,,
858,ALDEOTA RENDA URBANA FUNDO DE INVESTIMENTO IMOBILIÁRIO,43873036000192,,2023-03-01,1.0,7872508.92,,,
859,KIJANI FIAGRO,40265671000107,,2023-03-31,12749.0,558089836.52,,,
860,LEBLON REALTY FII,41088534000107,,2023-03-31,13.0,27039594.2,,,
861,ARPURO I FUNDO DE INVESTIMENTO IMOBILIÁRIO,44465913000159,,2022-09-01,1.0,6310.52,,,
862,FII MEIRINGEN FUNDO DE INVESTIMENTO IMOBILIÁRIO,43101312000102,,2023-03-01,2.0,20104497.15,,,
863,NM KSM FII,43011068000189,,2023-03-31,1.0,37199788.68,,,
864,BARZEL RETAIL FUNDO DE INVESTIMENTO IMOBILIÁRIO,41833763000109,,2023-03-01,2.0,462959068.52,,,
865,DJF JIVE PROPERTIES FII,43164799000164,,2023-03-31,1.0,46719471.8,,,
866,EVORIS FUNDO DE INVESTIMENTO IMOBILIÁRIO,41969521000139,,2023-03-31,1.0,33916233.15,,,
867,FII ARTEMIS 22,45063985000132,,2023-03-31,1.0,12716635.19,,,
868,FII TAG OCEANUS,44669674000159,,2023-03-31,1.0,61798119.92,,,
869,FUNDO DE INVESTIMENTO IMOBILIÁRIO TG RENDA IMOBILIÁRIA,44625657000110,,2023-03-01,1.0,4919643.69,,,
870,FUNDO DE INVESTIMENTO IMOBILIARIO TG REAL ESTATE,44625562000104,,2023-03-01,9788.0,573950161.3,,,
871,RDP LOG FUNDODE INVESTIMENTO IMOBILIARIO,41673349000171,,2023-03-31,2.0,41195977.27,,,
872,VINCI CRÉDITO AGRO FIAGRO-IMOBILIÁRIO,44614833000118,,2023-03-01,12230.0,374291062.68,,,
873,HIGH END REAL ESTATE FUNDO DE INVESTIMENTO IMOBILIÁRIO,44728520000190,,2023-03-01,1.0,14032403.08,,,
874,CANAÃ FI NAS CADEIAS PRODUTIVAS AGROINDUSTRIAIS FIAGRO,45123558000100,,2023-03-31,4.0,126624148.15,,,
875,G5 EMPREENDIMENTO IMOBILIARIO FII,45777119000103,,2023-03-31,4.0,24610701.01,,,
876,FII AROEIRA 333 RENDA LOGISTICA,44674528000111,AROA11,2023-03-31,51.0,155341602.94,,,
877,RBR EQUITY FII,43009610000169,,2023-03-31,1.0,23239184.72,,,
878,FUNDO DE INVESTIMENTO IMOBILIÁRIO UNIMED SANTA CATARINA-FUSC,43671170000100,,2023-01-31,1.0,60352.94,,,
879,NAVI CREDITO IMOBILIARIO - FUNDO DE INVESTIMENTO IMOBILIARIO,40041603000156,NCRI11,2023-03-01,145.0,40510932.63,2023-04-27,8.65,157.0
880,FUNDO DE INVESTIMENTO IMOBILIÁRIO - FII BIOTIC,43617647000170,,2023-03-01,1.0,990000000.0,,,
881,051 AGRO FI NAS CADEIAS PRODUTIVAS AGROINDUSTRIAIS – FIAGRO,44625694000128,,2023-03-01,98.0,153823212.58,,,
882,XP CRÉDITO AGRO - FI NAS CADEIAS PRODUTIVAS AGROINDUSTRIAIS,43741189000186,,2023-03-01,17094.0,811596204.42,,,
883,ANGRA FUNDO DE INVESTIMENTO IMOBILIÁRIO,41969537000141,,2023-03-31,1.0,158844.69,,,
887,ALPH TOWER FII,45106376000113,,2023-03-01,1.0,7144632.82,,,
888,BSB PA FII,45105676000188,,2023-03-01,1.0,57804907.01,,,
889,CTN FII,45105714000100,,2023-03-01,1.0,148331808.33,,,
890,FII JK B,45106274000106,,2023-03-31,1.0,1637753.94,,,
891,MCH TOWER FII,45106312000112,,2023-03-01,1.0,78253519.78,,,
892,PAN PARK FII,45123401000177,,2023-03-01,1.0,15306434.38,,,
893,PDC FII,43951817000158,,2023-03-31,1.0,664804555.65,,,
894,PDC II - FII,43951970000185,,2023-03-31,1.0,359833360.91,,,
895,PGP FII,42592868000178,,2023-03-01,1.0,7.62,,,
896,TNU FII,43951851000122,,2023-03-01,1.0,38.34,,,
897,VT TOWER  FII,43951744000102,,2023-03-01,1.0,467105997.79,,,
898,FII VALORA CRI,46322850000107,,2023-03-31,10.0,129019645.04,,,
899,BASÍLICA PARTNERS CONSULTÓRIOS MÉDICOS MEDWELL FII,39591218000101,,2023-03-01,6.0,15615477.76,,,
900,JIVE PROPERTIES MULTIESTRATEGIA FII,44428541000190,0EB911,2023-03-31,33.0,385422062.08,,,
901,CYRELA LOGISTICO FII,43010601000198,,2023-03-31,46.0,62668543.21,,,
902,KINEA PREMIUM PROPERTIES FUNDO DE INVESTIMENTO IMOBILIÁRIO,42737059000107,KNPR11,2023-03-01,593.0,49054434.43,,,
903,GAZIN FUNDO DE INVESTIMENTO IMOBILIÁRIO - FII,45123465000178,,2023-03-31,1.0,29816020.7,,,
904,CONSÓRCIO DO EMPREENDIMENTO NCPFI-RJ FII,46716709000199,,2022-12-01,3.0,1813.55,,,
905,LOS ANGELES 01 FUNDO DE INVESTIMENTO IMOBILIÁRIO,41776296000114,,2023-03-01,1.0,51193248.19,,,
906,FII VBI CRÉDITO ALOCAÇÃO ESTRATÉGICA,45338646000111,,2023-03-01,3394.0,175342685.19,,,
907,BRIO REAL ESTATE IV - FII,42869892000101,,2023-03-01,111.0,33222727.16,,,
908,NINFEIA FUNDO DE INVESTIMENTO IMOBILIÁRIO,43790270000156,,2022-11-30,1.0,936544.98,,,
909,FII CENTRAL LEBLON - FUNDO DE INVESTIMENTO IMOBILIARIO,45777347000183,,2023-03-31,20.0,11225644.72,,,
910,VIC DESENVOLVIMENTO VINTAGE 22/23 FII,43951875000181,,2023-03-31,198.0,13356301.92,,,
911,MAUÁ PROP INVEST FII,43008884000133,,2023-03-31,1.0,24407015.29,,,
912,MOGNO LOGÍSTICA FUNDO DE INVESTIMENTO IMOBILIARIO,44728452000160,,2023-03-01,1.0,875378.67,,,
913,BARZEL SP FUNDO DE INVESTIMENTO IMOBILIÁRIO,42869869000117,,2023-03-31,2.0,108791859.43,,,
914,REAL ESTATE SPECIAL SITUATIONS I FII,47136369000190,OD5011,2023-03-01,1.0,14818875.29,,,
915,CF3 FUNDO DE INVESTIMENTO IMOBILIÁRIO,41325993000159,,2023-03-31,57.0,30649660.87,,,
916,FUNDO DE INVESTIMENTO IMOBILIÁRIO BIG BOX,42592916000128,,,,,,,
917,RESIDENCIAIS ONE FII,20173064000100,,2022-11-30,23.0,34330522.45,,,
918,BR7 SENADO FUNDO DE INVESTIMENTO IMOBILIÁRIO,40944736000132,,2023-03-31,12.0,2772010.06,,,
919,FII PLANTA DESEN,45120786000119,,2023-03-31,13.0,45664419.13,,,
920,BRM II FUNDO DE INVESTIMENTO IMOBILIARIO,44669639000130,,2023-03-31,1.0,4809573.56,,,
921,REAL ESTATE TRANCOSO FUNDO DE INVESTIMENTO IMOBILIÁRIO,43565147000131,,2023-03-31,3.0,66433142.0,,,
922,HEDGE DESENVOLVIMENTO LOGÍSTICO FUNDO DE INV IMOB,44514162000113,HDEL11,2023-03-01,56.0,3619155.66,2023-04-27,105.81,0.0
923,TELLUS DESENVOLVIMENTO RESIDENCIAL FII,42273236000141,,2023-03-01,11.0,10828416.98,,,
924,FUNDO DE INVESTIMENTO IMOBILIÁRIO MBM,20209230000172,,2022-10-30,2.0,6434956.91,,,
925,CLD GUARULHOS - FUNDO DE INVESTIMENTO IMOBILIÁRIO - FII,41673359000107,,2023-03-31,1.0,7492956.18,,,
926,FII ORAMA HIGH Y,47240631000141,OGHY11,2023-03-31,124.0,19889732.77,2023-04-27,10.12,98.0
927,FII NAVI HEDGE,46437903000135,IMOV11,2023-03-31,2550.0,97502130.03,,,
928,NOVO CAMPO FUNDO DE INVESTIMENTO IMOBILIÁRIO - FII,43790197000112,,2023-03-31,3.0,52577140.27,,,
929,MÓDULO RENDA CORPORATIVA - FUNDO DE INVESTIMENTO IMOBILIÁRIO,43617702000121,,2023-03-31,4.0,8413982.91,,,
930,MERITO M01 FII,46079965000112,,2023-03-01,1.0,4494166.07,,,
931,MERITO CEMITERIOS FII,46157247000117,,2023-03-01,1.0,96595847.96,,,
932,PANORAMA REAL ESTATE CREDITO FII,46157348000198,PNRC14,2023-03-01,38.0,9248468.53,,,
933,FII BTG INCORPORAÇÃO,43008233000143,0D7011,2023-03-31,8947.0,384099058.17,,,
934,ASSET BANK - FUNDO DE INVESTIMENTO IMOBILIÁRIO,44585121000118,,2023-03-31,1.0,313157.83,,,
935,OCTO FUNDO DE INVESTIMENTO IMOBILIARIO,44680435000108,,2023-03-01,34.0,28656515.18,,,
936,ITAÚ TEMPUS FUNDO DE INVESTIMENTO IMOBILIÁRIO,42737077000199,TMPS20,2023-03-01,1640.0,107104704.28,,,
937,REAG RECEBÍVEIS IMOBILIÁRIOS FII,44728323000171,,2023-03-01,1.0,23238792.3,,,
938,FUNDO DE INVESTIMENTO IMOBILIARIO EM ATIVOS DE SAUDE - SAUD,47102860000108,0E0711,2023-03-31,8.0,106355956.37,,,
939,FUNDO DE INVESTIMENTO IMOBILIÁRIO JK B II,45727531000119,,2023-03-31,1.0,28287339.55,,,
941,PDC III FUNDO DE INVESTIMENTO IMOBILIÁRIO,45742299000198,,2023-03-31,1.0,10051852.37,,,
943,FUNDO DE INVESTIMENTO IMOBILIÁRIO MBM I,29010599000126,,2023-03-31,2.0,4585083.2,,,
945,HIGH FUNDO DE INVESTIMENTO IMOBIL  SUB,41778415000178,,2023-03-31,3.0,9316609.03,,,
947,TELLUS HEALTHCARE & MIXED USE FEEDER FII,39317176000107,,2023-03-01,1.0,14651323.33,,,
949,JGP CRÉDITO IMOBILIÁRIO FUNDO DE INVESTIMENTO IMOBILIÁRIO,48410852000183,,2023-03-01,2.0,10247203.02,,,
950,PROPP I FUNDO DE INVESTIMENTO IMOBILIÁRIO,47154849000183,,2023-03-31,1.0,109433534.47,,,
951,PEDRA ALTA FUNDO DE INVESTIMENTO IMOBILIÁRIO,46965606000162,,,,,,,
954,ZAGROS MULTI FII,45188066000195,,2023-03-31,2.0,23613884.55,,,
957,EMPIRICA CRI FII,45188124000180,,2023-03-31,1.0,18246811.55,,,
960,APEX MALLS FII,43010485000107,APXM11,2023-03-31,116.0,89046494.22,,,
963,WHG FINVEST SP REALTY FII,43741150000169,,2023-03-01,78.0,39976463.76,,,
965,REAL INVESTOR FII,44625612000145,RINV11,2023-03-01,170.0,28470846.75,2023-04-27,96.75,33.0
968,POXIM FUNDO DE INVESTIMENTO IMOBILIARIO,45254732000146,,2023-03-31,1.0,25319922.91,,,
969,FLORIANO FUNDO DE INVESTIMENTO IMOBILIÁRIO,41820693000146,,2023-03-01,1.0,136979424.68,,,
975,AZ QUEST SOLE FIAGRO - IMOBILIÁRIO,44625826000111,AAZQ11,2023-03-01,8227.0,231072808.46,2023-04-27,9.59,150845.0
976,GALAPAGOS SPECIAL OPORTUNITIES FII,46285299000179,GCOI14,2023-03-31,360.0,11185536.31,,,
977,CAPITANIA FOF II,48916246000134,CPFO11,2023-03-31,528.0,153452378.86,,,
978,TORINO FUNDO DE INVESTIMENTO IMOBILIÁRIO,44002561000103,,2023-03-31,1.0,14964734.33,,,
979,KINEA UNIQUE HY CDI FUNDO DE INVESTIMENTO IMOBILIÁRIO,42754362000118,,2023-03-01,1.0,20501672.16,,,
980,KINEA UNIQUE FEEDER FUNDO DE INVESTIMENTO IMOBILIÁRIO,42754375000197,,2023-01-01,1.0,171631167.21,,,
981,RIZA DOMUS MULTIESTRATÉGIA FII,45742247000111,RZDM14,2023-03-31,7.0,87258189.04,,,
982,RIZA EOS FIAGRO IMOBILIÁRIO,45718511000181,,2023-03-31,50.0,250666582.08,,,
983,BRYGGEN FUNDO DE INVESTIMENTO IMOBILIÁRIO,48961539000133,,2023-03-31,1.0,24225554.21,,,
984,VENETO I  FUNDO DE INVESTIMENTO IMOBILIÁRIO,47669545000159,,,,,,,
985,BRPR CORPORATE FII,48978859000104,,2023-03-31,1.0,1234326122.85,,,
986,GREENWICH FIAGRO,47240671000193,GRWA11,2023-03-31,73.0,12900250.07,2023-04-27,10.11,908.0
987,SUNO ENERGIAS LIMPAS FII,43741171000184,,2023-03-01,3363.0,47275802.42,,,
988,JGP CRÉDITO AGRO FIAGRO - IMOBILIÁRIO,43741205000130,,2023-03-01,4193.0,190993959.66,,,
989,AZURITA FUNDO DE INVESTIMENTO IMOBILIÁRIO,43671358000159,,2023-03-31,1.0,27196093.03,,,
990,CARFAN FUNDO DE INVESTIMENTO IMOBILIÁRIO,48904259000193,,2023-03-31,4.0,14997850.56,,,
991,FRATIX FUNDO DE INVESTIMENTO IMOBILIÁRIO - FII,48978731000132,,2023-03-31,4.0,14484030.69,,,
992,MENESCAL FUNDO DE INVESTIMENTO IMOBILIÁRIO - FII,48978797000122,,2023-03-31,1.0,20603142.37,,,
993,FUNDO DE INVESTIMENTO IMOBILIÁRIO GRAND PLAZA II,48969543000148,,2023-03-31,1.0,690240739.57,,,
994,BRK DESENVOLVIMENTO IMOBILIARIO FII,48955582000196,,2023-03-31,1.0,71663803.92,,,
995,BRAY REAL ESTATE FUNDO DE INVESTIMENTO IMOBILIARIO,42516999000176,,2023-03-31,1.0,3096929.47,,,
996,MAHOGANY MULTIESTRATEGIA FUNDO DE INVESTIMENTO IMOBILIARIO,44680449000113,,2023-03-01,8.0,5575467.61,,,
997,FUNDO DE INVESTIMENTO IMOBILIARIO - BRICK 104,45188199000161,,2023-02-28,1.0,206434.23,,,
998,OPQ FUNDO DE INVESTIMENTO IMOBILIÁRIO,49152919000190,,2023-03-31,1.0,102479379.31,,,
999,MAUÁ CAPITAL CRÉDITO ESTRUTURADO FII,43741195000133,,2023-03-01,9332.0,464945791.69,,,
1000,SPARTA FIAGRO - IMOB,48903610000121,CRAA14,2023-03-31,3.0,30730026.72,,,
1001,BTGP HEDGE FUND FII,45188176000157,0EI911,2023-03-31,10839.0,361934565.73,,,
1002,V2 RENDA IMOB FII,49184940000177,VVRI11,2023-03-31,1.0,39079669.9,,,
1003,CORPORATE OFFICE FII,48916699000160,,2023-03-31,156501.0,141733032.24,,,
1004,KINEA HEDGE FUND FUNDO DE INVESTIMENTO IMOBILIÁRIO,42754342000147,KNHF14,2023-03-01,4363.0,282324093.6,,,
1005,FUNDO DE INVESTIMENTO IMOBILIÁRIO MACAM SHOPPING,16685929000131,,2023-03-31,24.0,316008905.77,,,
1006,ASA RETROFITS I FII,45188033000145,,2023-03-31,55.0,24004876.25,,,
1007,FII SHOPPINGS AAA,47896665000199,,2023-03-31,10.0,34555302.6,,,
1008,XPCE FUNDO DE INVESTIMENTO IMOBILIARIO HIGH YIELD,49005570000163,,2023-03-01,1.0,54885357.25,,,
1009,NOAD LIFETIME RECEBÍVEIS IMOBILIÁRIOS FII,49318661000159,,2023-03-31,1.0,39514.39,,,
1010,ID GOIANA FUNDO DE INVESTIMENTO FIAGRO IMOBILIARIO,49112611000110,,2023-03-01,2.0,105476523.7,,,
1011,JAI IV - FII,47085640000105,,2023-03-31,2.0,66010443.32,,,
1012,051 AGRO FAZ III FDO INV NAS CAD PROD AGRO - FIAGRO,49489928000170,,2023-03-01,51.0,89832739.32,,,
1013,051 AGRO FAZENDAS II FI NAS CANDEIAS PRODUTIVAS - FIAGRO,48565175000172,,2023-03-01,18.0,284799724.96,,,
1014,ARX DOVER RECEBÍVEIS FUNDO DE INVESTIMENTO IMOBILIÁRIO,44527494000132,,2023-03-01,61.0,49104872.3,,,
1015,GRIFFIN FUNDO DE INVESTIMENTO IMOBILIARIO,48964604000184,,2023-03-01,1.0,212633.97,,,
